id,revenue
3001,8.126335e+06
3002,4.3765305e+06
3003,1.0166351e+07
3004,2.2447465e+06
3005,791339.7
3006,5.1298065e+06
3007,1.8907922e+06
3008,2.3646088e+07
3009,2.9864842e+07
3010,5.0867866e+08
3011,332979.88
3012,129968.234
3013,3.8301896e+07
3014,203143.16
3015,2.9583526e+07
3016,14528.131
3017,1.4521722e+08
3018,7.942448e+07
3019,1.9074494e+07
3020,3.9655472e+08
3021,2.857888e+07
3022,4.190352e+07
3023,96436.02
3024,2.8366972e+07
3025,199206.58
3026,8.28356e+07
3027,6.634919e+06
3028,7.0266136e+07
3029,114782.125
3030,4.1850724e+07
3031,7.9810755e+06
3032,7.4275755e+06
3033,258.90436
3034,43643.734
3035,376818.1
3036,2.3540765e+06
3037,9.068432e+07
3038,1.5019964e+07
3039,4.436096e+06
3040,2.4768295e+06
3041,1.9980558e+07
3042,2.4334468e+06
3043,6.6419585e+06
3044,1.1336665e+06
3045,6.2413114e+08
3046,1.6987772e+06
3047,6.0069565e+06
3048,2.8939594e+07
3049,3.737733e+07
3050,4.1673732e+07
3051,15.837992
3052,2.226031e+07
3053,244050.64
3054,251776.78
3055,7.097667e+07
3056,35682.812
3057,5.2834996e+07
3058,1.9203987e+08
3059,458670.66
3060,6.0094816e+07
3061,6.1770484e+07
3062,1.86186e+07
3063,2.456034e+07
3064,1.6790468e+07
3065,2.1865218e+07
3066,1.2002383e+08
3067,448969.44
3068,6.0885708e+07
3069,1.5603472e+08
3070,1.2652249e+06
3071,6.4829395e+06
3072,3.130306e+08
3073,1.804019e+06
3074,738159.94
3075,2.5761264e+07
3076,2.9218534e+08
3077,1.0690539e+07
3078,1.068924e+08
3079,3.1694936e+07
3080,1.613961e+08
3081,1.0079946e+07
3082,1.3395238e+07
3083,5.772384e+06
3084,377.00735
3085,8.038112e+06
3086,7.039894e+07
3087,22704.666
3088,127895.664
3089,2495.9348
3090,4.4721156e+07
3091,3.8655424e+07
3092,3.5872798e+06
3093,1.6705093e+08
3094,1.1279197e+08
3095,5.3185844e+07
3096,1.2220472e+06
3097,7.645571e+08
3098,3.0503694e+07
3099,5.5709696e+07
3100,3.7328678e+06
3101,1.2211214e+07
3102,438666.1
3103,1.3115456e+06
3104,1.5916236e+06
3105,7.1235576e+07
3106,3.88393e+07
3107,2.5595622e+07
3108,5.9159765e+06
3109,1.6934556e+07
3110,2.4508784e+08
3111,3.4489058e+06
3112,153587.3
3113,5.7063035e+06
3114,2.0169596e+07
3115,2.320103e+07
3116,7.28836e+06
3117,140866.44
3118,1.1796015e+06
3119,1.25684376e+08
3120,1.007361e+08
3121,1.1915945e+06
3122,5.3277335e+06
3123,9.491112e+06
3124,685084.4
3125,64184.363
3126,4.6269428e+07
3127,1.0781252e+07
3128,1.7040216e+07
3129,2.4836878e+08
3130,1.1637163e+07
3131,2.1501938e+06
3132,4.0330835e+06
3133,247455.52
3134,1.3099946e+07
3135,2.8801685e+06
3136,4.4077195e+06
3137,7.903354e+07
3138,333316.34
3139,2.7169904e+07
3140,9.397377e+07
3141,1.1549157e+07
3142,813116.7
3143,1.0067041e+08
3144,1.3461832e+07
3145,1.4117381e+07
3146,1.3669102e+06
3147,1.6451021e+07
3148,1.3040536e+06
3149,5.644072e+07
3150,9.727505e+07
3151,4.0650332e+06
3152,9.861744e+06
3153,1.4912956e+06
3154,1.1274372e+07
3155,1.0909295e+07
3156,3.692807e+06
3157,1.4169283e+07
3158,1.6694326e+08
3159,8.2273025e+06
3160,8.107285e+06
3161,384796.94
3162,1.5745935e+06
3163,1.3683302e+08
3164,1.7996766e+06
3165,99655.664
3166,728437.25
3167,6.8324936e+07
3168,469055.88
3169,1.8973474e+07
3170,5.9218865e+06
3171,3.5088784e+07
3172,3.6491224e+07
3173,463673.88
3174,220700.5
3175,6.579965e+06
3176,1.3629715e+07
3177,8.542581e+07
3178,296125.0
3179,3.5537975e+06
3180,2.411902e+06
3181,155398.05
3182,1.6925493e+08
3183,4.9874356e+07
3184,2.6048082e+07
3185,7.6316824e+07
3186,7.816001e+07
3187,5.152743e+06
3188,5.760456e+06
3189,6.2868172e+07
3190,1.2044045e+07
3191,7.528041e+06
3192,2.8503705e+06
3193,3.4208438e+08
3194,4.1563708e+07
3195,100276.016
3196,3.970223e+06
3197,3.9937638e+06
3198,1.9902634e+08
3199,2.7390694e+08
3200,1.166572e+07
3201,458786.16
3202,3.4425375e+06
3203,436969.22
3204,2.1869662e+06
3205,352116.75
3206,1.3262001e+07
3207,3.0871446e+07
3208,2.206691e+06
3209,3.9820728e+06
3210,7.6946534e+08
3211,862113.06
3212,2.8888086e+07
3213,7.182277e+07
3214,8.2420035e+06
3215,3.4520748e+06
3216,5.714118e+06
3217,5.993631e+08
3218,2.347389e+06
3219,341561.28
3220,6.3910964e+07
3221,9.03676e+06
3222,1.6117449e+06
3223,1.7572112e+07
3224,35.29475
3225,4.1447345e+06
3226,2.8842998e+06
3227,5.2561696e+07
3228,1.5157075e+08
3229,9.9200056e+07
3230,2.0498634e+07
3231,2.485587e+07
3232,1.4866568e+07
3233,5.48503e+06
3234,1.3784524e+06
3235,2.5517022e+06
3236,191248.48
3237,1.1056559e+07
3238,1.1441576e+06
3239,42292.414
3240,4.7223267e+08
3241,2.0941202e+06
3242,4.266461e+06
3243,3.3784198e+06
3244,662878.44
3245,3.0340212e+06
3246,1.5196696e+07
3247,1.2393439e+07
3248,5.271732e+07
3249,5.353187e+07
3250,3.885251e+08
3251,541841.25
3252,1.5740427e+07
3253,4.8970372e+07
3254,128941.92
3255,58366.473
3256,3.623972e+07
3257,7.3358135e+06
3258,1.5421619e+07
3259,4.4326184e+07
3260,1.01454256e+06
3261,6.564911e+08
3262,4.3765004e+07
3263,137714.58
3264,169038.16
3265,72805.56
3266,61283.49
3267,9.436905e+06
3268,117249.8
3269,5.0822452e+07
3270,5.74837e+07
3271,1.1755485e+06
3272,4.5837575e+06
3273,7.2675585e+06
3274,5.6187264e+08
3275,2.5667586e+07
3276,1.02238856e+06
3277,8.926455e+06
3278,4.9531084e+07
3279,1.3139258e+07
3280,1.8038686e+08
3281,105456.56
3282,5.7036375e+06
3283,2.7917558e+08
3284,2.1482998e+07
3285,5.1548012e+07
3286,480755.66
3287,5.194043e+06
3288,6.389203e+06
3289,2.8841344e+07
3290,8.537563e+07
3291,1.6797484e+07
3292,2.3868451e+08
3293,5.7023196e+07
3294,1.3911662e+06
3295,7.959701e+06
3296,1.3177591e+06
3297,1.6819555e+06
3298,5.4640196e+07
3299,2.166808e+06
3300,3.19826e+07
3301,237148.67
3302,753852.44
3303,540075.8
3304,5.617166e+06
3305,5.290841e+07
3306,332406.56
3307,4.9246784e+07
3308,1.7279632e+07
3309,784753.2
3310,3.3829755e+06
3311,1.9832102e+06
3312,1.142364e+06
3313,4.9505584e+07
3314,2.3797706e+07
3315,7.4370424e+07
3316,7.7934805e+06
3317,379961.53
3318,60517.133
3319,5.518526e+06
3320,1.556785e+07
3321,3.2118318e+06
3322,4.7352505e+06
3323,7.432207e+07
3324,3.354831e+06
3325,8.688484e+07
3326,1.9679394e+08
3327,7.482559e+07
3328,1.1126371e+07
3329,2.9640435e+06
3330,6.4552924e+07
3331,262442.44
3332,5.17942e+07
3333,2.0779517e+08
3334,6.69554e+06
3335,2.45069e+07
3336,7.911629e+06
3337,21988.275
3338,1.9179926e+07
3339,1.1687754e+06
3340,8.405362e+07
3341,5.780377e+06
3342,2.2906338e+07
3343,5.7568516e+07
3344,332977.97
3345,1.024192e+06
3346,1.7252002e+07
3347,100662.15
3348,3.0484558e+07
3349,5.146588e+07
3350,2.6212866e+08
3351,1.8578728e+07
3352,3.1092845e+06
3353,5.171829e+07
3354,1.5696908e+06
3355,4.2505205e+06
3356,9.474418e+06
3357,320493.34
3358,9.292832e+06
3359,2.2461832e+07
3360,7.100262e+06
3361,4.5753404e+07
3362,1.4285532e+06
3363,1.236134e+06
3364,2.7869234e+07
3365,305963.88
3366,1.05080344e+08
3367,9.617624e+07
3368,521627.53
3369,2.0758786e+07
3370,3.9230696e+07
3371,3.5040228e+07
3372,2.801831e+07
3373,4.5681464e+07
3374,8.1757815e+06
3375,8.711782e+07
3376,1.3468792e+07
3377,3.7815872e+06
3378,1.1050508e+07
3379,1.3300818e+08
3380,5.8289572e+07
3381,1.3623006e+06
3382,269004.53
3383,2.4544092e+06
3384,3.0299236e+07
3385,8.313237e+07
3386,772272.94
3387,1.2476792e+06
3388,9.543216e+07
3389,8.868375e+08
3390,6.3618785e+06
3391,1.0836503e+07
3392,1.4625841e+07
3393,2.8780762e+06
3394,7.7812984e+07
3395,1.4407558e+08
3396,7.085982e+06
3397,121535.24
3398,3.236974e+08
3399,6.212732e+07
3400,7.089781e+06
3401,3.2203122e+06
3402,595461.3
3403,4.4465396e+07
3404,1.0979203e+07
3405,6.5607285e+06
3406,2.4078606e+08
3407,1.5280384e+08
3408,2.9799634e+07
3409,967848.75
3410,2.1042982e+07
3411,7.63997e+07
3412,1.1075133e+07
3413,3.462942e+07
3414,1.1000329e+06
3415,6.850765e+06
3416,4.0680184e+07
3417,5.9976644e+07
3418,3.910862e+07
3419,3.687895e+08
3420,1.0073743e+06
3421,3.2471638e+06
3422,1.02193044e+06
3423,4.0910058e+08
3424,220667.03
3425,1.9393784e+06
3426,9.106629e+06
3427,1.4863733e+07
3428,4.008787e+06
3429,7.62633e+06
3430,4.2868794e+08
3431,2.181367e+06
3432,2.6885475e+06
3433,8.0094015e+06
3434,8.369202e+06
3435,3.5608077e+08
3436,1.0946423e+08
3437,849388.56
3438,2.4684228e+07
3439,4.227384e+07
3440,5.1952604e+07
3441,4.8949828e+07
3442,1.2779932e+06
3443,741918.06
3444,395270.5
3445,7.460328e+07
3446,276811.72
3447,3.87694e+06
3448,2.3645636e+07
3449,7.047944e+06
3450,7.695677e+07
3451,2.0895438e+07
3452,2.450704e+07
3453,2.5106256e+07
3454,2.3548958e+07
3455,3.5027705e+06
3456,1.0558099e+08
3457,7.4120225e+06
3458,1.5355988e+07
3459,6.927807e+08
3460,1.0314243e+07
3461,2.1747492e+06
3462,2.8066852e+06
3463,2.8465452e+07
3464,26983.662
3465,2.2429852e+07
3466,1.4110193e+07
3467,9.730987e+06
3468,1.20339256e+08
3469,1.8715515e+06
3470,104165.336
3471,4.1561884e+07
3472,141952.47
3473,3.7454476e+07
3474,2.3295568e+07
3475,1.9834686e+08
3476,7.3415385e+06
3477,1.3386401e+07
3478,4.089214e+06
3479,3.4614582e+08
3480,6.7806245e+06
3481,2.4975485e+06
3482,2.3804335e+06
3483,1.6960464e+06
3484,3.1696722e+06
3485,9.479594e+07
3486,7.438277e+07
3487,5.6100388e+07
3488,1.09861224e+08
3489,9.674174e+06
3490,1.7139472e+07
3491,1.8591914e+07
3492,6.42447e+06
3493,3.3119152e+07
3494,1.3550679e+06
3495,1.0865775e+08
3496,4.0603875e+06
3497,3.570456e+07
3498,7.81116e+06
3499,2.394203e+07
3500,91370.73
3501,9.026034e+07
3502,3.5388076e+07
3503,2.708608e+07
3504,3.4040948e+07
3505,1.03638344e+06
3506,6.792253e+07
3507,1.23423736e+08
3508,1.3793035e+07
3509,6.703488e+06
3510,1.6625871e+07
3511,2.0929184e+07
3512,1.5158522e+08
3513,7.467819e+06
3514,1.5197682e+07
3515,892029.7
3516,1.513439e+07
3517,7.81848e+08
3518,2.254123e+07
3519,1.8302206e+06
3520,2.1803562e+06
3521,325029.16
3522,8.898796e+06
3523,1.2797047e+07
3524,6.0133916e+07
3525,8.73033e+07
3526,1.672115e+07
3527,1.3764205e+07
3528,2.747542e+06
3529,3.1574515e+08
3530,2.1653516e+07
3531,3.41603e+07
3532,4.4002884e+07
3533,2.3373232e+07
3534,1.3604314e+07
3535,1.8738637e+08
3536,5.1954305e+06
3537,5.7245396e+07
3538,5.4334132e+07
3539,4.351803e+07
3540,2.427851e+07
3541,2.2120006e+07
3542,2.6617722e+07
3543,398628.3
3544,4.4521492e+07
3545,125626.38
3546,1.4166835e+06
3547,6.847745e+07
3548,2.4575723e+08
3549,1.7979011e+06
3550,1.5017051e+08
3551,1.1124659e+08
3552,4.1214936e+07
3553,1.2309829e+07
3554,1.5692384e+08
3555,1.5505155e+08
3556,2.0533734e+07
3557,1.311945e+07
3558,1.6679114e+08
3559,2.3202402e+07
3560,420210.34
3561,1.08818904e+08
3562,3.0869742e+06
3563,5.9318065e+06
3564,700167.94
3565,4.0054395e+06
3566,4.6833144e+07
3567,4.8863555e+06
3568,3.6629512e+06
3569,1.0213819e+08
3570,829930.06
3571,3.388315e+07
3572,1.3031347e+08
3573,7.1840125e+06
3574,2.030752e+07
3575,5.6358065e+06
3576,1.8254724e+07
3577,1.7644118e+07
3578,3.1671126e+07
3579,1.9998744e+07
3580,1.4253556e+07
3581,5.6627555e+06
3582,1.5875362e+08
3583,425695.16
3584,1.886619e+07
3585,4.400406e+07
3586,2.7316802e+07
3587,4.6715525e+06
3588,1.8620552e+06
3589,2.5626396e+07
3590,1.0720678e+07
3591,2.6802822e+08
3592,1.6049392e+06
3593,182248.95
3594,15804.598
3595,1.2518857e+07
3596,1.3340343e+07
3597,4.5697905e+06
3598,4.928174e+07
3599,6.5183015e+06
3600,3.2362045e+06
3601,163499.75
3602,604359.3
3603,1.368293e+07
3604,4.887982e+06
3605,5.719639e+07
3606,688203.4
3607,3.8134748e+07
3608,1.670831e+08
3609,486407.84
3610,4.666987e+07
3611,711411.06
3612,1.9502284e+06
3613,2.4009232e+06
3614,9.22045e+07
3615,3.7004212e+07
3616,1.708301e+07
3617,2.108396e+07
3618,1.002175e+08
3619,4892.1714
3620,1.5931934e+08
3621,1.32935896e+08
3622,2.7630067e+08
3623,6.485306e+07
3624,30613.072
3625,2.5951185e+06
3626,8.975127e+06
3627,3.140225e+07
3628,4.633878e+08
3629,1.529151e+06
3630,133474.2
3631,7.3921976e+07
3632,9.794373e+06
3633,3.2267274e+07
3634,1.5490422e+06
3635,642374.7
3636,5.764268e+07
3637,1.3838858e+06
3638,2.1710212e+07
3639,8.6671656e+07
3640,2.3697482e+08
3641,1.1217012e+06
3642,334778.9
3643,4.032045e+06
3644,9.279743e+06
3645,1.5034812e+07
3646,1.462153e+06
3647,2.0832404e+07
3648,3.8450162e+06
3649,8.887974e+06
3650,1.420129e+07
3651,4.5137315e+08
3652,1.7432272e+07
3653,2.4430189e+08
3654,4.491406e+06
3655,8.62107e+06
3656,2.2320982e+06
3657,21861.352
3658,2.3427105e+06
3659,1.2307512e+08
3660,4.1329654e+08
3661,1.0982869e+07
3662,2.315417e+07
3663,6.7429216e+08
3664,210177.31
3665,335051.03
3666,6.9584695e+06
3667,1.449394e+08
3668,1.932033e+07
3669,5.288673e+06
3670,4.4414708e+07
3671,3.8727748e+07
3672,4.297623e+06
3673,1.262909e+08
3674,3.7903465e+06
3675,1.7025411e+08
3676,6.162468e+07
3677,3.8184685e+06
3678,1.3290717e+07
3679,1.9908356e+07
3680,960133.75
3681,1.2720634e+07
3682,8.250934e+07
3683,2.8349965e+06
3684,9.7635096e+07
3685,1.1788547e+08
3686,1.0430849e+07
3687,1.4700608e+08
3688,3.8105052e+06
3689,563802.56
3690,5.73198e+07
3691,1.3734319e+06
3692,478368.78
3693,1.1193364e+08
3694,1.375104e+08
3695,5.3031064e+07
3696,1.7511686e+07
3697,1.1870761e+07
3698,3.6442536e+07
3699,3.337223e+06
3700,3.6206668e+06
3701,4.27005e+07
3702,45688.805
3703,8.021859e+07
3704,5.4580096e+07
3705,1.0356626e+07
3706,9.533737e+07
3707,728913.3
3708,7.0863335e+06
3709,2.4728774e+08
3710,1.0551651e+07
3711,803516.4
3712,3.57917e+07
3713,7.969446e+06
3714,450314.2
3715,3.524474e+06
3716,2.8247518e+06
3717,35486.586
3718,1.2988534e+07
3719,3.4829936e+07
3720,9.44155e+06
3721,198663.78
3722,5.612222e+07
3723,122078.42
3724,8.877284e+06
3725,3.201281e+07
3726,5.8158435e+06
3727,4.2815004e+07
3728,1.4659141e+08
3729,8.953755e+06
3730,8.506582e+07
3731,1.2334961e+08
3732,789371.6
3733,2.4425669e+08
3734,2.0107573e+08
3735,2.5949104e+07
3736,5.7680805e+06
3737,5.892575e+06
3738,630425.44
3739,5.765952e+06
3740,6.158886e+06
3741,4.63767e+06
3742,6.5847716e+07
3743,2.7183796e+07
3744,1.0674754e+08
3745,2.8158192e+07
3746,1.7672656e+08
3747,49070.887
3748,1.642072e+06
3749,4.6010745e+06
3750,345191.9
3751,1.1292834e+06
3752,2.1426772e+06
3753,6.9982935e+06
3754,2.904189e+07
3755,4.3307796e+07
3756,2.8938908e+06
3757,3.619118e+08
3758,7.60557e+07
3759,5.1364885e+06
3760,1.5131742e+08
3761,2.0209412e+07
3762,3.4663936e+08
3763,1.1987208e+07
3764,1.5153251e+07
3765,2.1783715e+06
3766,1.4433636e+06
3767,2.2557618e+07
3768,8.159899e+06
3769,3.5581992e+06
3770,704068.94
3771,3.043413e+07
3772,6.8724315e+06
3773,1.1738394e+07
3774,8.197025e+06
3775,1.2290434e+08
3776,7.995311e+07
3777,2.2249742e+06
3778,188670.06
3779,1.2811774e+07
3780,177655.7
3781,2.6008564e+07
3782,704441.06
3783,2.7386134e+07
3784,2.299529e+06
3785,3.5436525e+08
3786,6.471666e+06
3787,1.4643994e+08
3788,5.3064784e+08
3789,6.1386145e+06
3790,851153.0
3791,6.415054e+06
3792,32304.469
3793,749594.06
3794,1.26484e+06
3795,1.4420563e+08
3796,4.0813402e+06
3797,9.690314e+06
3798,1.11454936e+08
3799,9.248132e+06
3800,507121.06
3801,7.940418e+07
3802,213233.4
3803,1.2101935e+07
3804,132700.88
3805,46123.98
3806,1.3018304e+08
3807,1.4785548e+06
3808,195275.88
3809,3.0898366e+07
3810,1.8011722e+06
3811,1.0115095e+07
3812,746868.25
3813,19642.559
3814,1.2426775e+06
3815,5.472123e+07
3816,1.5312272e+08
3817,1.1164877e+08
3818,6.4259572e+07
3819,1.9197348e+07
3820,6.881079e+07
3821,4.715538e+07
3822,6.0886655e+06
3823,1.9871576e+06
3824,1.8950074e+06
3825,9.133818e+06
3826,6.4628196e+07
3827,5.2253324e+07
3828,2.4757198e+06
3829,40646.934
3830,6.804805e+07
3831,2946.3333
3832,1.78371e+08
3833,2.5356406e+07
3834,5.479817e+06
3835,2.6427112e+06
3836,2.1779082e+06
3837,2.0175328e+07
3838,1.3576707e+07
3839,683169.5
3840,1.5164527e+07
3841,4.1004765e+06
3842,2.7309018e+06
3843,2.0184874e+07
3844,1.8983755e+06
3845,1888.0736
3846,502950.56
3847,152075.56
3848,718670.0
3849,6.6435468e+07
3850,1.0680572e+07
3851,5.909637e+07
3852,937466.56
3853,1.0906222e+08
3854,80432.734
3855,378336.56
3856,1.4689108e+07
3857,2.8161485e+08
3858,114343.02
3859,1.5947005e+07
3860,2.2071624e+07
3861,3.2015374e+07
3862,4.9144425e+06
3863,8.164474e+07
3864,2.3522428e+07
3865,1.00892424e+08
3866,2.2578108e+06
3867,2.4633056e+07
3868,2.4201185e+06
3869,6.964223e+07
3870,9.634626e+07
3871,3.963188e+08
3872,9.571063e+06
3873,1.969429e+07
3874,642597.75
3875,3.6558384e+07
3876,34572.47
3877,5.3693132e+07
3878,1.292932e+08
3879,4.5378326e+08
3880,1.0978072e+07
3881,58550.504
3882,3.1388722e+06
3883,1.0437661e+06
3884,3.3174742e+08
3885,2.5516148e+06
3886,1.9896816e+07
3887,8.930593e+06
3888,4.7776585e+06
3889,2.4254072e+06
3890,1.4266102e+08
3891,6.2913775e+06
3892,3.2286025e+06
3893,4.9733696e+08
3894,5.43102e+07
3895,2.4123828e+07
3896,3.2003652e+07
3897,7.666634e+06
3898,1.8038884e+07
3899,3.6135654e+08
3900,2.4034316e+07
3901,2.5382758e+06
3902,377449.66
3903,2.1667915e+06
3904,9.470479e+06
3905,8.3272765e+06
3906,1.06743064e+08
3907,2.8793775e+06
3908,4.5811485e+06
3909,274539.97
3910,1.5752501e+07
3911,845039.25
3912,8.791558e+06
3913,1.1325978e+08
3914,6.3614965e+06
3915,3.092633e+08
3916,99233.73
3917,6.418444e+06
3918,2.7678425e+06
3919,4.849614e+07
3920,3.2987328e+07
3921,110277.52
3922,1.4362197e+07
3923,4.0403276e+07
3924,1.3254415e+07
3925,3.0627597e+08
3926,1.2896048e+06
3927,9.4467976e+07
3928,8.203138e+07
3929,5.8727696e+07
3930,995697.9
3931,903486.8
3932,5.1734925e+06
3933,1.6458333e+07
3934,6.724782e+07
3935,3459.8157
3936,362474.3
3937,1.24926264e+08
3938,1.0132009e+07
3939,4.592363e+07
3940,3.3038495e+06
3941,1.0100115e+07
3942,1.8921878e+08
3943,8.2013114e+08
3944,1.2096785e+06
3945,1.341705e+07
3946,2.564498e+06
3947,9.017877e+07
3948,8.67222e+06
3949,990960.4
3950,586545.5
3951,3.1124142e+06
3952,3.893884e+07
3953,7.3971624e+07
3954,7.7211603e+08
3955,6.064026e+06
3956,2.9902348e+07
3957,3.4334552e+06
3958,1.4936114e+06
3959,5.3843595e+06
3960,784185.4
3961,4.4838852e+07
3962,922481.94
3963,5.2790135e+06
3964,7.7380704e+08
3965,9.813526e+07
3966,1.0913998e+07
3967,1.9984075e+08
3968,2.5613398e+07
3969,3.345824e+06
3970,2.1686706e+07
3971,1.6885692e+07
3972,1.5748325e+07
3973,4.796187e+07
3974,372611.7
3975,1.4756934e+08
3976,4.8110664e+07
3977,7.2242776e+07
3978,2.7772992e+08
3979,5.4006155e+06
3980,218550.7
3981,790184.4
3982,5.9691635e+06
3983,5.3309155e+06
3984,4.4038484e+07
3985,893138.8
3986,1.02447296e+09
3987,3.098258e+07
3988,4.057945e+06
3989,2.1001082e+07
3990,2.1998242e+07
3991,182821.67
3992,357624.28
3993,5.3367755e+06
3994,3.7487564e+07
3995,6.213775e+07
3996,4.768494e+07
3997,4.0831582e+06
3998,9.1873064e+07
3999,1.0849119e+07
4000,8.01377e+07
4001,623677.6
4002,2.7159504e+08
4003,80050.87
4004,6.6853292e+07
4005,44074.6
4006,5.7983265e+06
4007,806581.25
4008,2.9812488e+06
4009,1.007689e+07
4010,563924.1
4011,1.0177273e+07
4012,1.5620237e+08
4013,8.192552e+07
4014,145782.83
4015,5.454835e+07
4016,8.887093e+06
4017,6.2184365e+06
4018,5.722073e+07
4019,2.3552654e+08
4020,6.4666995e+06
4021,8.9175256e+07
4022,5.1436015e+06
4023,1.6843211e+08
4024,2.753546e+07
4025,80074.84
4026,9.5143544e+07
4027,2.7268128e+07
4028,1.4305505e+06
4029,26669.002
4030,1.1157462e+07
4031,3.8121436e+07
4032,101016.82
4033,56264.918
4034,263740.1
4035,5.2217156e+07
4036,777233.6
4037,1.2314619e+07
4038,3.1864965e+06
4039,1.6933394e+07
4040,5.744574e+06
4041,289582.38
4042,5.0469188e+07
4043,5.27108e+06
4044,7.472191e+07
4045,4.6700236e+07
4046,2.885114e+06
4047,3.0974502e+08
4048,5.6305795e+06
4049,3187.1616
4050,513153.7
4051,5.3268918e+08
4052,6.266999e+06
4053,5.4085995e+06
4054,688938.9
4055,1.7962045e+06
4056,2.877047e+06
4057,11275.625
4058,8.464529e+06
4059,3.592792e+06
4060,4.3880604e+07
4061,2.173181e+08
4062,2.9152332e+07
4063,1.6654499e+07
4064,2.3781248e+08
4065,9.236344e+07
4066,3.7343668e+06
4067,2.8075122e+07
4068,2.9958298e+06
4069,3.004596e+07
4070,8.0971395e+06
4071,4.8517295e+06
4072,1.7266288e+07
4073,2.2353373e+08
4074,19935.389
4075,1.4245402e+07
4076,3.0479558e+07
4077,2.2340414e+08
4078,1.7578296e+06
4079,6.949018e+07
4080,6.9036005e+06
4081,8.631296e+06
4082,1.992721e+08
4083,2.4864168e+07
4084,126157.53
4085,1.8619736e+07
4086,1.1129264e+08
4087,9.102739e+06
4088,3.721812e+07
4089,1.8015742e+07
4090,1.758782e+06
4091,7.648937e+07
4092,5.057085e+07
4093,5.5790296e+07
4094,7.464245e+06
4095,1.4150682e+08
4096,1.1132824e+07
4097,6.8828904e+07
4098,5.1311715e+06
4099,4.2532615e+06
4100,2.9543436e+07
4101,2.8425032e+07
4102,2.3514738e+06
4103,3.3303742e+07
4104,5.9442195e+06
4105,345043.8
4106,3.162242e+06
4107,562036.4
4108,2.1266314e+07
4109,590958.1
4110,2.7019158e+07
4111,3.866251e+06
4112,9.472954e+06
4113,571742.06
4114,1.0549423e+08
4115,4.4520995e+06
4116,1.6988228e+07
4117,1.0968054e+06
4118,3.1855602e+07
4119,2.0692414e+07
4120,873624.06
4121,3.036282e+06
4122,1.2794956e+08
4123,4.2154405e+06
4124,4.958099e+07
4125,8.565964e+06
4126,5.751887e+06
4127,4.1677595e+06
4128,2.2103388e+07
4129,2.1306772e+06
4130,2.5520478e+06
4131,9.109935e+07
4132,9.5037256e+07
4133,3.364064e+07
4134,3.401094e+06
4135,6.5402695e+06
4136,5.3175424e+08
4137,4.0894638e+06
4138,2.79622e+07
4139,6.5816095e+06
4140,2.4033445e+06
4141,4.5835215e+06
4142,5.9063576e+07
4143,4.846479e+07
4144,2.8027935e+06
4145,2.3662916e+07
4146,2.628149e+06
4147,52398.86
4148,4.300731e+06
4149,3.2249405e+06
4150,459012.4
4151,1.1496418e+06
4152,3.0769746e+07
4153,2.1839544e+07
4154,1.8742915e+06
4155,1.7238878e+07
4156,2.517622e+06
4157,813800.94
4158,1.2128995e+07
4159,1.2805503e+08
4160,3.556633e+08
4161,1.8546332e+07
4162,1.9452818e+07
4163,1.571293e+08
4164,3.1712082e+06
4165,9.179576e+06
4166,925251.1
4167,2.9884272e+07
4168,1.57402e+06
4169,1.2301551e+06
4170,2.0066298e+06
4171,7.658221e+07
4172,5.828223e+07
4173,2.852633e+06
4174,1.7396565e+06
4175,5.1845415e+06
4176,1.3426573e+07
4177,53928.168
4178,3.0552854e+08
4179,395180.78
4180,1.03561384e+08
4181,2.6870938e+07
4182,2.432716e+06
4183,9.770011e+07
4184,8.292692e+06
4185,3.8884818e+06
4186,6.668489e+06
4187,9.849901e+06
4188,8.0098065e+06
4189,1.0171292e+06
4190,57502.406
4191,590344.1
4192,24680.814
4193,1.3796989e+08
4194,1.1170798e+08
4195,9.87539e+06
4196,7.935515e+06
4197,1.6310456e+07
4198,369137.0
4199,5.984422e+06
4200,6.682996e+07
4201,3.5652092e+07
4202,2.3685946e+07
4203,1.0071356e+07
4204,6.4694304e+07
4205,4.443332e+06
4206,1.1559449e+07
4207,6.180186e+08
4208,4.2039235e+08
4209,1.2712024e+07
4210,8.588161e+07
4211,4.9406068e+07
4212,2.037434e+08
4213,493633.88
4214,1.6983174e+07
4215,1.6236178e+06
4216,1.8611462e+06
4217,329250.9
4218,2.846556e+07
4219,1.5611591e+07
4220,1.8748636e+07
4221,56581.914
4222,131685.0
4223,2.786477e+07
4224,1.113778e+06
4225,2.3224362e+07
4226,1.5988303e+07
4227,1.6285742e+07
4228,48758.477
4229,5.7822944e+07
4230,2.8841398e+07
4231,5.484146e+06
4232,2.0107408e+06
4233,1.2348426e+08
4234,1.1971625e+07
4235,4.7156605e+06
4236,4.5978465e+06
4237,1.9852104e+06
4238,4.1166068e+07
4239,1.5393122e+08
4240,1.1864226e+08
4241,1.632117e+08
4242,4.8678995e+06
4243,1.2529412e+06
4244,8.3836504e+07
4245,4.778738e+06
4246,681152.75
4247,4.9073692e+07
4248,2.6132955e+06
4249,2.1004166e+07
4250,5.1158485e+06
4251,398228.6
4252,1.1193257e+08
4253,7.275899e+07
4254,4.730555e+07
4255,4.2693252e+07
4256,3.4324778e+08
4257,1.0335951e+08
4258,6.1389348e+07
4259,1.02848106e+06
4260,2.61304e+08
4261,2.981658e+06
4262,798081.1
4263,2.364936e+06
4264,4.9433334e+08
4265,1.584622e+07
4266,1.3187146e+06
4267,2.0609502e+07
4268,8.1710035e+06
4269,5.1174835e+06
4270,3.2605766e+08
4271,3.3045138e+07
4272,163877.38
4273,2.7875242e+07
4274,3.401629e+07
4275,1.9845971e+06
4276,1.0705536e+07
4277,8.136879e+07
4278,7.987327e+06
4279,1.6480196e+07
4280,258121.92
4281,3.4747992e+06
4282,4.3492308e+07
4283,42099.816
4284,6.723092e+06
4285,35753.36
4286,3.3223818e+08
4287,1.9668462e+07
4288,5.89127e+07
4289,8.488025e+07
4290,4.4195164e+07
4291,5.5759355e+06
4292,2.417528e+06
4293,7.632915e+06
4294,8.203216e+07
4295,8.251328e+07
4296,1.9610288e+07
4297,1.6639385e+07
4298,1.2419299e+06
4299,8.3870595e+06
4300,3.8997932e+07
4301,3.3498788e+06
4302,5.2431895e+06
4303,1.7469234e+06
4304,1.4444889e+07
4305,1.4489232e+07
4306,8.344098e+06
4307,55008.715
4308,220728.92
4309,2.2626952e+07
4310,1.2885414e+06
4311,998478.3
4312,7.118057e+07
4313,1.5313352e+08
4314,7.474909e+06
4315,2.4159573e+08
4316,2.672049e+08
4317,1.808515e+06
4318,1.948624e+07
4319,403361.84
4320,1.6785008e+06
4321,3.958902e+07
4322,3.3096488e+06
4323,1.0295099e+07
4324,5.9009825e+06
4325,3.0795085e+06
4326,9.246844e+06
4327,4.2913436e+07
4328,632964.7
4329,39526.96
4330,2.9628435e+08
4331,5.239584e+07
4332,7.778479e+07
4333,1.2249269e+06
4334,7.502209e+07
4335,9.805949e+07
4336,3.4077136e+07
4337,36920.21
4338,1.645442e+08
4339,7.125555e+07
4340,1.1050831e+06
4341,1.2508356e+07
4342,6.897349e+06
4343,3.3086636e+07
4344,931375.7
4345,2.4505898e+06
4346,3.639662e+07
4347,7.5597224e+07
4348,521446.5
4349,2.2847749e+08
4350,6.116677e+06
4351,1.0777948e+08
4352,2.711066e+06
4353,7.3468664e+07
4354,2.353643e+07
4355,2.8052534e+07
4356,413913.4
4357,3.7622304e+07
4358,1.5150012e+06
4359,1.34792e+07
4360,5.6018268e+07
4361,7.9831816e+07
4362,4.544696e+06
4363,5.917927e+07
4364,6.3859296e+07
4365,2.0189436e+06
4366,8.492821e+06
4367,3.012337e+07
4368,7.9974616e+07
4369,2.0629206e+07
4370,1.3561083e+08
4371,2.2415524e+07
4372,8.863604e+06
4373,9.901626e+06
4374,2.472612e+07
4375,1.3620474e+06
4376,51760.188
4377,2.550515e+06
4378,3.3337044e+07
4379,7.498375e+07
4380,8.2006504e+07
4381,8.027033e+07
4382,1.6515669e+08
4383,1.7967915e+08
4384,6.5684644e+07
4385,431624.3
4386,1.4904528e+07
4387,2.0041168e+07
4388,1.7138654e+07
4389,2.98488e+08
4390,3.5345248e+06
4391,707553.7
4392,9.909397e+07
4393,3.6499508e+07
4394,2.040478e+07
4395,1.1484729e+07
4396,4.126158e+07
4397,3.701748e+07
4398,1.4621304e+08
4399,305626.75
4400,2.0038626e+06
4401,1.565417e+07
4402,1.0996195e+06
4403,9.719839e+06
4404,3.7137916e+07
4405,1.6493404e+07
4406,201683.22
4407,483911.66
4408,154598.94
4409,600192.25
4410,3.5111018e+06
4411,1.4399828e+06
4412,7.0537784e+07
4413,7.341263e+07
4414,480533.8
4415,3.7729168e+06
4416,72043.38
4417,1.7971138e+08
4418,76704.26
4419,2.9272126e+07
4420,3.2294198e+08
4421,2.17145e+06
4422,2.3324602e+06
4423,2.8271262e+06
4424,161.47842
4425,7.23089e+06
4426,3.3071595e+06
4427,8.26333e+07
4428,884689.5
4429,2.1374525e+06
4430,77285.15
4431,126156.93
4432,1.3317445e+08
4433,2.5689051e+08
4434,3.7784774e+08
4435,1.2973852e+07
4436,1.9688956e+07
4437,5.8277305e+06
4438,1.4095168e+06
4439,9.355825e+06
4440,527852.8
4441,3.2911158e+07
4442,851747.4
4443,128609.48
4444,915469.0
4445,1.272027e+07
4446,1.2265202e+06
4447,1.2808801e+08
4448,1.9177402e+06
4449,9.005857e+06
4450,7.6514024e+07
4451,6.926261e+08
4452,2.4175278e+07
4453,1.0266172e+06
4454,300215.72
4455,624452.5
4456,5.622572e+07
4457,855858.56
4458,2.3986735e+06
4459,4.1872124e+07
4460,93156.97
4461,6.4191336e+07
4462,2.535544e+07
4463,2.3801635e+06
4464,4.472431e+07
4465,6.831779e+06
4466,872069.1
4467,1.8813868e+07
4468,591814.8
4469,1.6543152e+07
4470,3.1592874e+07
4471,442293.84
4472,1.30823e+08
4473,2.654049e+06
4474,3.6415585e+06
4475,4.2703525e+06
4476,53017.29
4477,3.3602356e+07
4478,1.383701e+06
4479,385092.84
4480,7.574054e+07
4481,4.545667e+06
4482,6.560522e+06
4483,2.835475e+06
4484,558228.7
4485,4.849475e+07
4486,7.794588e+06
4487,1.034486e+07
4488,6.289084e+07
4489,2.5913936e+07
4490,235471.52
4491,7.307205e+07
4492,1.1785865e+07
4493,3.1994625e+06
4494,7.033897e+06
4495,1.2345168e+07
4496,4.685164e+07
4497,5.834832e+06
4498,2.3114854e+07
4499,153320.95
4500,1.5912165e+08
4501,1.2814958e+08
4502,6.9610315e+06
4503,2.1157653e+08
4504,4.546924e+06
4505,288019.38
4506,6.858333e+07
4507,596845.7
4508,427931.03
4509,3.128314e+06
4510,8.655489e+06
4511,1.1266876e+08
4512,305328.12
4513,4.5127652e+07
4514,4.470522e+06
4515,9.8520296e+07
4516,2.0683772e+06
4517,4.100633e+06
4518,1.5086642e+08
4519,7.787178e+07
4520,6.336671e+06
4521,1.7499298e+07
4522,5.889652e+07
4523,4.851248e+06
4524,3.82454e+06
4525,2.3853422e+06
4526,1.0633816e+06
4527,1.7748178e+07
4528,1.1928998e+06
4529,411093.16
4530,6.134167e+06
4531,2.8764298e+06
4532,6.470759e+06
4533,2.0810522e+07
4534,1.3077112e+06
4535,6.4027484e+07
4536,7.777725e+06
4537,3.95939e+06
4538,2.0226844e+07
4539,426390.75
4540,1.02284216e+08
4541,7.045901e+06
4542,4.920688e+07
4543,5.0388104e+07
4544,8.647428e+06
4545,122678.55
4546,532496.4
4547,1.1862564e+06
4548,889752.7
4549,238666.53
4550,1.0726998e+07
4551,8.718602e+08
4552,7.579531e+07
4553,3.4593712e+06
4554,6.2809715e+08
4555,17822.717
4556,3.3846852e+07
4557,2.799203e+07
4558,2.2055842e+06
4559,3.2113718e+07
4560,1.02663784e+08
4561,1.7099308e+07
4562,693329.9
4563,1.5806384e+08
4564,729.3052
4565,608173.56
4566,2.1429428e+07
4567,6.0334508e+07
4568,3.856702e+06
4569,2.3203688e+06
4570,8.598728e+06
4571,810353.06
4572,1.2461254e+07
4573,1.0762268e+07
4574,176215.86
4575,348341.84
4576,4.233703e+06
4577,7.034487e+06
4578,1.1202648e+07
4579,1.4231834e+06
4580,6.4278324e+07
4581,5.703507e+06
4582,4.2895024e+07
4583,1.8985685e+08
4584,604429.06
4585,1.2462734e+08
4586,2.0001796e+06
4587,2.599602e+06
4588,1.3376685e+08
4589,3.906021e+06
4590,9.924288e+08
4591,4.2665576e+07
4592,553974.3
4593,107497.56
4594,1.9801864e+07
4595,5.131075e+08
4596,4.2838797e+08
4597,1.5773938e+07
4598,7.478478e+07
4599,1.2987147e+07
4600,1.0990292e+06
4601,3.509166e+07
4602,8.506034e+06
4603,1.5404539e+07
4604,3.2915114e+07
4605,2.6610174e+08
4606,1.2675061e+08
4607,1.6558747e+07
4608,4.084054e+06
4609,1.1721457e+07
4610,1.6698976e+08
4611,1.7769618e+07
4612,2.1852502e+07
4613,1.7618124e+07
4614,1.3699512e+07
4615,2.8954312e+06
4616,275883.25
4617,3.6040644e+07
4618,357423.44
4619,7.358256e+06
4620,2.5315648e+06
4621,2.7644723e+08
4622,8.465643e+06
4623,3.6907965e+06
4624,35.987392
4625,9.977724e+06
4626,1.4464985e+06
4627,1.4264053e+07
4628,1.8160938e+06
4629,1.60951e+06
4630,4.2490695e+06
4631,8.906641e+06
4632,1.9954431e+06
4633,775474.44
4634,215191.5
4635,121823.61
4636,1.5023067e+08
4637,2.4368305e+06
4638,5.8822495e+06
4639,213913.9
4640,4.5924332e+07
4641,1.7327056e+06
4642,1.3948943e+07
4643,2.9778668e+07
4644,2.336443e+06
4645,19947.922
4646,7.740211e+08
4647,1.5963984e+06
4648,2.3953085e+06
4649,1.2584557e+08
4650,9.293441e+07
4651,4.1884504e+07
4652,3.6136755e+08
4653,73265.695
4654,5.9564184e+07
4655,5.7665884e+07
4656,4.6400545e+06
4657,1.5351725e+06
4658,1.9725756e+07
4659,1.7150148e+06
4660,2.4823132e+06
4661,1.1903523e+07
4662,8.434456e+06
4663,1.49423e+07
4664,2.5472165e+06
4665,3.0348166e+07
4666,7.2413655e+06
4667,2.3922005e+08
4668,762499.4
4669,2.6076542e+06
4670,1.2847869e+07
4671,1.608577e+06
4672,118358.21
4673,8.389603e+06
4674,1.0249004e+06
4675,3.6940258e+06
4676,2.657301e+06
4677,74423.945
4678,1.0725346e+06
4679,35573.84
4680,334407.8
4681,1.752699e+07
4682,5.529932e+06
4683,806450.5
4684,345607.94
4685,1.4155965e+07
4686,2.1989915e+06
4687,8.675231e+06
4688,8.795161e+07
4689,7.6001555e+06
4690,9.827251e+06
4691,4.0079728e+06
4692,1.6251795e+07
4693,2.327323e+06
4694,7.2421185e+06
4695,1.1209573e+07
4696,2.2485408e+07
4697,6.887698e+07
4698,2.7433138e+06
4699,1.3656724e+06
4700,9.954293e+07
4701,1.9031549e+08
4702,1.1822786e+06
4703,5.6498035e+06
4704,4.329458e+07
4705,4.95172e+07
4706,6.1183612e+07
4707,407590.3
4708,2.2155812e+07
4709,16.083967
4710,1.3865395e+08
4711,5.305541e+06
4712,1.96514e+06
4713,2.7863562e+08
4714,905595.06
4715,197867.38
4716,1.2574074e+06
4717,5.8912605e+06
4718,2.3583975e+06
4719,1.3564085e+08
4720,1.8363591e+06
4721,3.4289528e+06
4722,6.5268148e+07
4723,616374.5
4724,1.3371685e+08
4725,5.7342015e+06
4726,4.3670705e+06
4727,8.1804925e+06
4728,7.5699915e+06
4729,3.5712668e+07
4730,65667.695
4731,4.0033456e+07
4732,2.560838e+08
4733,609511.94
4734,1.5565336e+08
4735,1.9591258e+07
4736,8.225859e+06
4737,6.234467e+07
4738,3.498167e+06
4739,6.124783e+07
4740,6.9572966e+08
4741,90611.6
4742,9.109553e+07
4743,29963.248
4744,108208.72
4745,4.6063402e+08
4746,4.5633828e+07
4747,1.1362885e+07
4748,8.598848e+07
4749,5.0371305e+06
4750,1.087188e+06
4751,2.0383152e+07
4752,1.340629e+06
4753,1.1106356e+07
4754,6.8885024e+08
4755,1.5021741e+07
4756,3.3544338e+07
4757,1.1096791e+08
4758,6.969286e+07
4759,2.5383277e+08
4760,153583.2
4761,1.4171064e+06
4762,2.7123902e+06
4763,805950.75
4764,3.2035366e+08
4765,5.710294e+06
4766,1.3210179e+08
4767,2.967904e+07
4768,1.3373904e+08
4769,2.087584e+07
4770,9.131663e+07
4771,2.1235346e+07
4772,9.474219e+06
4773,4.96188e+06
4774,7.2446605e+06
4775,710551.94
4776,1.4901385e+06
4777,1.9530083e+08
4778,5.5918776e+07
4779,1.1718458e+06
4780,1.3331296e+08
4781,101306.15
4782,1.9567134e+07
4783,6.097277e+06
4784,6.278796e+06
4785,3.065885e+07
4786,8.775322e+07
4787,7.3086824e+07
4788,1.9459386e+07
4789,2.1044168e+06
4790,4.7880612e+07
4791,1.9240108e+06
4792,2.8045582e+06
4793,1.006642e+07
4794,199556.06
4795,2.2958805e+06
4796,1.1858744e+07
4797,7.443177e+08
4798,7.564612e+07
4799,1.9292124e+07
4800,2.242489e+07
4801,48322.492
4802,3.9284084e+07
4803,1.5210381e+06
4804,2.4332938e+06
4805,128555.516
4806,1.3012684e+06
4807,167660.16
4808,539203.5
4809,8.667331e+07
4810,159298.5
4811,4.36364e+06
4812,1.969802e+08
4813,1.0354954e+08
4814,1.5284351e+06
4815,3.524964e+07
4816,1.0059856e+07
4817,8.714635e+06
4818,1.1089083e+07
4819,5.1127515e+06
4820,3.1294086e+07
4821,1.5356601e+06
4822,43254.434
4823,3.2138845e+06
4824,5.9947364e+07
4825,3.105707e+07
4826,683264.0
4827,6.451575e+07
4828,8.711603e+06
4829,1.7754848e+07
4830,8.1092955e+06
4831,2.5639548e+07
4832,940125.6
4833,7.7011705e+06
4834,1.2214122e+06
4835,3.0638506e+07
4836,5.5464475e+06
4837,3.757492e+08
4838,2.7758518e+07
4839,73.736755
4840,3.6959792e+08
4841,86050.68
4842,4.42852e+07
4843,8.598503e+07
4844,2.4910238e+06
4845,3.495012e+07
4846,2.4679052e+06
4847,5.027706e+08
4848,3.796e+07
4849,3.6696448e+08
4850,2.0607772e+07
4851,14765.787
4852,651275.9
4853,3.3542354e+07
4854,1.5748415e+07
4855,4.486178e+07
4856,3.0714252e+06
4857,2.1794144e+07
4858,2.3877592e+07
4859,1.7610176e+06
4860,2.2160685e+08
4861,9.4842776e+07
4862,1.8730811e+08
4863,1.5949357e+08
4864,5.4123132e+07
4865,4.03536e+07
4866,1.064084e+07
4867,7.699509e+07
4868,2.0450482e+06
4869,253388.53
4870,1.259723e+07
4871,2.1703464e+07
4872,783386.3
4873,2.1498842e+06
4874,7.696572e+07
4875,1.8763698e+07
4876,2.7937412e+07
4877,3.4255628e+07
4878,1.657486e+06
4879,6.2722725e+06
4880,1.822609e+07
4881,970124.8
4882,1.4209744e+07
4883,5.525044e+07
4884,6.1760824e+07
4885,4.4848185e+06
4886,1.5451091e+07
4887,706250.5
4888,3.7902272e+06
4889,462735.6
4890,7.270669e+07
4891,212413.62
4892,1.2949695e+06
4893,4.9937944e+07
4894,7.214565e+06
4895,3.2209572e+06
4896,2.1233078e+07
4897,1.3824638e+06
4898,1.5003824e+08
4899,4.8880044e+07
4900,1.4002878e+08
4901,3.4359932e+07
4902,691622.06
4903,18088.281
4904,2.5760147e+08
4905,4.4803345e+06
4906,18924.574
4907,4.406632e+08
4908,7.248012e+06
4909,9.698826e+07
4910,3.517227e+07
4911,1.7208194e+07
4912,2.6256486e+07
4913,1.1889613e+07
4914,5.4844636e+07
4915,4.000552e+07
4916,2.2484122e+07
4917,3.8009998e+06
4918,2.5391509e+08
4919,2.926498e+07
4920,3.9144144e+07
4921,5.183225e+07
4922,2.1217532e+07
4923,424020.16
4924,6.2012012e+07
4925,8.833172e+07
4926,227382.11
4927,1.2433263e+07
4928,1.4355104e+07
4929,1.0640369e+06
4930,5.575691e+06
4931,1.8011448e+07
4932,649804.9
4933,6.5965504e+07
4934,1.7792255e+06
4935,5.2254845e+08
4936,7.254063e+06
4937,133687.97
4938,1.0877588e+07
4939,158208.42
4940,929366.06
4941,7.6177165e+06
4942,1.04997e+06
4943,6.519885e+07
4944,6.524525e+07
4945,1.7384955e+06
4946,3.834013e+06
4947,507393.44
4948,1.8300862e+06
4949,3.7027588e+06
4950,5.7962292e+07
4951,3.0401292e+07
4952,1.7096994e+07
4953,7.836317e+07
4954,1.6770689e+07
4955,1.483593e+06
4956,280559.1
4957,2.3904932e+07
4958,7.2135605e+06
4959,4.3140075e+06
4960,4.746667e+06
4961,8.075821e+07
4962,1.5709564e+07
4963,1.7882636e+07
4964,1.4032425e+06
4965,352985.88
4966,832234.1
4967,4.4277344e+07
4968,9.103225e+06
4969,27296.178
4970,1.5198172e+06
4971,5.618391e+07
4972,4.2815135e+06
4973,2.4942068e+06
4974,1.2295405e+08
4975,5.8635205e+06
4976,564193.6
4977,8.246168e+07
4978,3.0807922e+06
4979,3.0403415e+06
4980,1.1020115e+07
4981,3.4527002e+06
4982,7.228413e+07
4983,5773.804
4984,2.0689612e+07
4985,3.006954e+08
4986,3.101543e+06
4987,657380.56
4988,1.5164872e+06
4989,1.4418821e+07
4990,238400.61
4991,4.9411685e+06
4992,1.6647045e+08
4993,1.9320368e+06
4994,7.608152e+07
4995,68588.57
4996,1.4924327e+07
4997,4.828653e+07
4998,1.1088026e+07
4999,5.499506e+07
5000,1.4314237e+08
5001,3.4592736e+08
5002,1.6596984e+08
5003,3.7662724e+07
5004,1.2609971e+07
5005,2.6092386e+07
5006,1.8971784e+08
5007,7.097613e+07
5008,3.0848682e+08
5009,9.939583e+06
5010,2.6304408e+06
5011,6.8026855e+06
5012,4.8166856e+07
5013,1.6868858e+07
5014,4.0704864e+07
5015,8.404723e+06
5016,8.92835e+07
5017,2.0611998e+06
5018,2.3968164e+07
5019,2.9034192e+07
5020,3.5131348e+06
5021,44639.0
5022,2.926364e+07
5023,1.5485046e+06
5024,7.1952616e+07
5025,724789.56
5026,6.556123e+07
5027,2.9481178e+07
5028,5.2796816e+07
5029,3.8238172e+07
5030,2.5914778e+07
5031,4.443671e+06
5032,1.2599039e+08
5033,1.9389124e+06
5034,1.9115339e+06
5035,1.3032106e+06
5036,7.1244295e+06
5037,1.6330378e+07
5038,5.241096e+08
5039,331567.22
5040,3.9680496e+07
5041,2.3088152e+07
5042,1.0330584e+07
5043,9.348316e+06
5044,1.9428357e+08
5045,1.118069e+06
5046,1.76236e+06
5047,782757.5
5048,801103.9
5049,8.561421e+07
5050,1.4875174e+06
5051,2.0369094e+08
5052,4.824243e+07
5053,1.7318136e+07
5054,3.936877e+07
5055,9.25632e+06
5056,5.4975775e+06
5057,1.3130565e+07
5058,2.3868508e+06
5059,1.5111804e+07
5060,1.16390344e+08
5061,2.3060644e+07
5062,807280.75
5063,113764.36
5064,4.2398276e+07
5065,2.0448181e+06
5066,1.4719931e+07
5067,2.2015536e+07
5068,2.2963688e+07
5069,7.7684264e+07
5070,8.600286e+06
5071,9.840236e+07
5072,8.1553064e+07
5073,4.752324e+06
5074,2.4891098e+06
5075,1.7744724e+06
5076,3.1714166e+07
5077,1.0796466e+08
5078,6.1339445e+06
5079,1.8402424e+06
5080,9.959515e+07
5081,4.116662e+07
5082,1.9492188e+07
5083,23088.615
5084,1.2948908e+07
5085,638023.4
5086,9.357164e+06
5087,4.0108138e+06
5088,2.2860118e+06
5089,633154.25
5090,5.901545e+06
5091,8.468849e+06
5092,2.9816122e+07
5093,3.8906548e+07
5094,4.7664936e+07
5095,1.1590961e+08
5096,7.449678e+07
5097,358667.72
5098,1.0698459e+06
5099,3.734933e+06
5100,363452.53
5101,468776.8
5102,34244.48
5103,243466.69
5104,3.3205554e+07
5105,1.7583024e+06
5106,783917.7
5107,601521.1
5108,1.9488062e+07
5109,120719.12
5110,4.255529e+07
5111,8.277542e+07
5112,1.2364795e+06
5113,62925.562
5114,1.0025798e+07
5115,986678.1
5116,4.856479e+06
5117,1.4346544e+08
5118,3.2799048e+07
5119,298384.38
5120,178080.97
5121,4.7918892e+07
5122,1.7920196e+07
5123,1.6132829e+07
5124,4.1440585e+06
5125,2.134454e+07
5126,2.1599438e+06
5127,1.311217e+07
5128,33430.426
5129,502036.72
5130,3.258455e+07
5131,9.044433e+06
5132,3.2214758e+07
5133,1.1312225e+08
5134,1.2423835e+08
5135,1.0373318e+08
5136,1.8815231e+06
5137,8.8440456e+07
5138,1.04678e+07
5139,1.2118828e+08
5140,8.9064936e+07
5141,4.147454e+07
5142,1.2787905e+08
5143,6.642343e+07
5144,5.462717e+07
5145,7.662088e+06
5146,1.5851735e+06
5147,2.2945148e+06
5148,2.5698594e+07
5149,472178.72
5150,4.438272e+08
5151,3.293975e+08
5152,8.019075e+07
5153,3.458992e+06
5154,2.871756e+07
5155,651886.06
5156,6.9707654e+08
5157,4.226212e+06
5158,349717.22
5159,1.160056e+08
5160,2.1443616e+07
5161,4.8559465e+06
5162,7.473018e+07
5163,1.6821315e+08
5164,1.175451e+06
5165,5.858304e+07
5166,8.7646664e+07
5167,205947.44
5168,6.477878e+06
5169,9.482843e+06
5170,1.4550909e+07
5171,5.8414336e+07
5172,3.6113902e+06
5173,6.011912e+07
5174,8.8143736e+07
5175,730135.7
5176,2.9412632e+06
5177,1.5798275e+08
5178,2.6207917e+08
5179,701090.6
5180,2.4221526e+07
5181,203644.56
5182,3.0701216e+07
5183,2.0528096e+06
5184,4.239238e+06
5185,6.877834e+06
5186,7.1381875e+06
5187,1.1644875e+06
5188,4.23847e+06
5189,1.6896646e+07
5190,2.440085e+08
5191,1.0649693e+07
5192,7.465994e+07
5193,1.2994836e+08
5194,5.087764e+07
5195,1.2720205e+08
5196,3.5988852e+07
5197,1.4222678e+07
5198,5.5309484e+07
5199,8.744506e+06
5200,1.4184019e+07
5201,1.7339918e+07
5202,673715.5
5203,714594.0
5204,51039.805
5205,894437.0
5206,1.0050247e+07
5207,3.484642e+06
5208,4.565604e+06
5209,8.959637e+07
5210,3.2345532e+07
5211,4.987066e+06
5212,3.3589192e+06
5213,6.879216e+07
5214,71354.81
5215,1.722215e+07
5216,2.7703246e+07
5217,83992.79
5218,5.502545e+06
5219,1.543112e+06
5220,3.559108e+07
5221,461973.66
5222,9.258527e+06
5223,5.642651e+07
5224,17.228086
5225,154845.66
5226,1.820646e+07
5227,1.03546175e+06
5228,1.3850295e+07
5229,1.8698613e+08
5230,1.1486065e+07
5231,2.881292e+06
5232,180736.02
5233,866615.5
5234,8.738309e+07
5235,2.011132e+07
5236,1.486391e+08
5237,8.945993e+07
5238,5.4854435e+06
5239,3.3180104e+07
5240,4.2767336e+07
5241,1.2267007e+07
5242,1.1401028e+07
5243,3.1322368e+06
5244,4.6730084e+07
5245,615539.2
5246,6.2093635e+06
5247,3.8105156e+07
5248,347435.44
5249,3.5926852e+07
5250,1.5000562e+08
5251,1.4981167e+07
5252,61112.133
5253,3.2176475e+06
5254,88970.336
5255,7.109468e+07
5256,2.4899808e+07
5257,495530.47
5258,454472.34
5259,8.627663e+07
5260,2.9479552e+06
5261,3.2490528e+07
5262,4.4717585e+06
5263,2.1540646e+07
5264,644000.2
5265,3.2475045e+06
5266,2.922309e+07
5267,980295.56
5268,6.8894405e+06
5269,5.959691e+07
5270,3.0061724e+07
5271,7.7774875e+06
5272,4.466609e+07
5273,169752.53
5274,1.7032742e+07
5275,1.6970642e+07
5276,7.02988e+06
5277,1.389982e+06
5278,1.5068458e+07
5279,6.6514925e+06
5280,465236.12
5281,6.3296225e+06
5282,1.8901126e+07
5283,1.9983531e+06
5284,7.317214e+06
5285,1.16629016e+08
5286,1.1592259e+07
5287,2.2176422e+06
5288,297142.84
5289,4.1830216e+07
5290,1.2834895e+08
5291,4.603073e+08
5292,9.310793e+07
5293,1.8628166e+08
5294,556339.9
5295,8.2424454e+08
5296,2.0824439e+06
5297,5.0943476e+07
5298,1.0585725e+08
5299,2.1369735e+06
5300,1.1177992e+06
5301,4.342588e+06
5302,6.96587e+07
5303,1.7248645e+06
5304,2.2184862e+06
5305,1.8029699e+06
5306,4.726947e+07
5307,1.802548e+08
5308,29220.207
5309,605765.0
5310,7.063082e+07
5311,2.7472722e+06
5312,8.572777e+07
5313,6.612767e+08
5314,5.56308e+07
5315,1.3665335e+06
5316,1.5116388e+07
5317,1.743736e+07
5318,5.0323575e+06
5319,8.099912e+06
5320,2.1397122e+07
5321,1.6863774e+07
5322,311568.84
5323,1.15952504e+08
5324,8.401637e+06
5325,3.8309028e+06
5326,9.684143e+06
5327,9.015693e+07
5328,1.5302611e+06
5329,4.0967868e+06
5330,1.5350491e+08
5331,5.238821e+06
5332,3.6179952e+06
5333,3.6806972e+07
5334,2.1393694e+07
5335,3.6492345e+06
5336,2.7545392e+06
5337,585488.7
5338,1.3577484e+07
5339,9.863305e+06
5340,8.532308e+06
5341,1.2323132e+08
5342,8.834284e+07
5343,1.789434e+07
5344,8.7437944e+07
5345,524100.3
5346,6.546364e+07
5347,293771.22
5348,2.1738805e+06
5349,519236.25
5350,854439.5
5351,1.6158645e+08
5352,2.6695362e+06
5353,2.1425342e+07
5354,6.745813e+07
5355,8.236155e+07
5356,2.3307656e+07
5357,1.3997646e+06
5358,3.9557244e+07
5359,4.818511e+06
5360,1.6639045e+08
5361,2.0218685e+06
5362,1.7106321e+06
5363,1.3176502e+07
5364,179674.45
5365,4.0360604e+07
5366,9.2396744e+07
5367,1.10180616e+08
5368,2.2312065e+06
5369,2.5234067e+08
5370,2.280198e+07
5371,2.4102946e+07
5372,4.5551936e+08
5373,8.105808e+06
5374,6.4882504e+07
5375,1.444173e+08
5376,1.2671942e+08
5377,1.9695116e+07
5378,270522.4
5379,1.7663716e+07
5380,5.4268264e+07
5381,8.165626e+07
5382,8.7166856e+07
5383,44384.426
5384,3.6185037e+08
5385,6.697173e+07
5386,1.3576915e+07
5387,2.0130336e+06
5388,3.6620445e+08
5389,1.4017541e+07
5390,3.9033882e+06
5391,4.040343e+07
5392,294779.56
5393,7.429644e+06
5394,2.6686452e+07
5395,7.231642e+06
5396,5.831982e+07
5397,2.553494e+06
5398,4.1347342e+06
5399,46110.39
5400,4.755924e+06
5401,4.6245604e+07
5402,5.3414584e+07
5403,2.4976676e+07
5404,866803.94
5405,4.0779468e+07
5406,770107.0
5407,1.7821254e+08
5408,7.0886874e+08
5409,1.2502566e+08
5410,1.0938409e+06
5411,3.2875334e+07
5412,50510.004
5413,348069.53
5414,1.4674078e+08
5415,7.350132e+07
5416,2.6771744e+07
5417,1.6287118e+08
5418,105391.51
5419,70893.03
5420,2.2532462e+07
5421,3.0475432e+07
5422,1.1032908e+08
5423,2.3384706e+08
5424,1.2467846e+08
5425,9.945633e+06
5426,5.0218055e+06
5427,1.01375144e+06
5428,863638.75
5429,7.3536376e+07
5430,1.2160993e+08
5431,1.4146545e+07
5432,8.022961e+07
5433,2.4788924e+07
5434,4.019114e+07
5435,4.852877e+06
5436,9.650621e+06
5437,3.2404936e+07
5438,3.177393e+06
5439,592655.8
5440,7.523029e+07
5441,604053.4
5442,1.1907504e+08
5443,6.40612e+07
5444,6.158144e+07
5445,5.202817e+07
5446,9.981023e+07
5447,8.427638e+06
5448,3.3381302e+06
5449,1.02457016e+08
5450,2.3297212e+06
5451,9.583796e+06
5452,1.1496286e+06
5453,3.7023008e+08
5454,6.598614e+07
5455,2.8075068e+07
5456,9.810096e+06
5457,4.166014e+07
5458,6.6027205e+06
5459,8.1913905e+06
5460,263952.47
5461,33385.754
5462,494227.4
5463,8.3725325e+08
5464,1.178639e+06
5465,1.8262942e+07
5466,3.1227902e+07
5467,2.0131316e+07
5468,7.308557e+07
5469,1549.7651
5470,1.7226299e+08
5471,7.76656e+07
5472,7.467318e+07
5473,1.552903e+07
5474,1.0963843e+07
5475,5.9284245e+06
5476,9.955977e+06
5477,7.994635e+06
5478,7.143436e+07
5479,1.042447e+08
5480,6.607917e+06
5481,722056.9
5482,2.0035398e+07
5483,3.2095382e+06
5484,1.453957e+08
5485,3.1291615e+06
5486,982571.9
5487,4.4714528e+08
5488,6.1879092e+07
5489,9.559405e+06
5490,1.01059206e+06
5491,2.498144e+07
5492,2.7485928e+07
5493,4.380652e+06
5494,55686.035
5495,2.0618112e+07
5496,3.112871e+07
5497,2.1705948e+07
5498,384949.62
5499,6.548799e+07
5500,2.7657102e+07
5501,1.2007388e+06
5502,2.422111e+06
5503,4.543855e+06
5504,2.2853096e+07
5505,351858.25
5506,3.536677e+08
5507,1.5420737e+07
5508,9.3687064e+07
5509,1.4806075e+08
5510,1.4897877e+07
5511,607666.9
5512,8.368967e+07
5513,589391.2
5514,2.0542706e+07
5515,1.0923908e+06
5516,377499.3
5517,1.0029859e+08
5518,8.322759e+06
5519,2.203109e+08
5520,133093.52
5521,5.788442e+06
5522,12019.08
5523,2.5099326e+08
5524,3.1460598e+08
5525,1.0263305e+08
5526,3.4287662e+06
5527,144223.66
5528,5.252091e+07
5529,121750.78
5530,2.6216515e+08
5531,589124.25
5532,5.391584e+06
5533,6.178262e+07
5534,3.757786e+08
5535,1.5699768e+06
5536,706718.75
5537,7.0751175e+06
5538,4.738503e+06
5539,1.1663502e+08
5540,2.9124932e+07
5541,1.6269762e+08
5542,153428.75
5543,3.9008652e+06
5544,6.471627e+07
5545,79792.63
5546,1.8491652e+07
5547,3.3146585e+06
5548,6.768104e+06
5549,2.892828e+07
5550,3.2282972e+07
5551,5.575659e+06
5552,5.8947204e+07
5553,2.8208722e+07
5554,1.5376825e+06
5555,2.0986386e+07
5556,1.4946091e+07
5557,5.9285995e+06
5558,4.0981594e+08
5559,6.756264e+06
5560,114847.055
5561,1.1632902e+07
5562,4.9271964e+07
5563,68910.56
5564,2.28756e+06
5565,1.6223983e+07
5566,1.3236174e+07
5567,5.8633195e+06
5568,1.2952292e+07
5569,4.9128576e+07
5570,1.6078027e+07
5571,1.1912774e+08
5572,461888.66
5573,1.1479633e+08
5574,3.607077e+07
5575,1.1679798e+08
5576,8.149553e+07
5577,4.398409e+07
5578,1.4508535e+07
5579,4.4566615e+06
5580,1.3001506e+06
5581,7.4598825e+06
5582,2.5407724e+07
5583,4.9967668e+07
5584,1.1952027e+07
5585,8.550204e+06
5586,433736.62
5587,1.0909378e+07
5588,1.4498834e+08
5589,6.1104776e+07
5590,1.3919294e+06
5591,4.4368065e+06
5592,2.5640308e+06
5593,6.803334e+06
5594,2.468788e+06
5595,5.6397784e+07
5596,1.2626898e+08
5597,6.7379e+06
5598,2.923363e+06
5599,6.906044e+06
5600,6.6443535e+06
5601,2.2199932e+07
5602,5.2873604e+07
5603,707173.9
5604,1.8026604e+07
5605,1.8439608e+08
5606,7.043843e+07
5607,1.7007842e+07
5608,4.077923e+07
5609,1.6657263e+07
5610,1.7059044e+07
5611,4.254587e+07
5612,5.0013178e+08
5613,6.2103055e+06
5614,2.3691954e+07
5615,4.6995284e+07
5616,1.0897171e+07
5617,1.7203019e+08
5618,1.458951e+07
5619,4.2821372e+07
5620,1.6955466e+06
5621,2.9677682e+07
5622,7.9445715e+06
5623,1.0651968e+07
5624,4.2519123e+08
5625,1.3471602e+06
5626,1.1374655e+06
5627,9.4553416e+07
5628,3.3500924e+07
5629,1.7835774e+08
5630,1.6033867e+07
5631,4.3308292e+07
5632,4.1336256e+07
5633,9.762871e+06
5634,1.1737841e+06
5635,7.202292e+07
5636,1.81061e+06
5637,1.021317e+07
5638,8.895815e+07
5639,1.1405668e+06
5640,4.1897775e+06
5641,4.6026404e+07
5642,7.473576e+06
5643,927370.44
5644,6.838899e+08
5645,2.3494731e+08
5646,8.704062e+06
5647,4.540801e+06
5648,7.0052424e+07
5649,382249.1
5650,6.657792e+07
5651,2.5400408e+07
5652,322886.6
5653,1.4019259e+08
5654,5.4682316e+07
5655,3.8127984e+07
5656,5.652802e+08
5657,268780.12
5658,1.4079035e+07
5659,1.8945268e+07
5660,1.3535862e+08
5661,2.4457895e+06
5662,4.1166797e+08
5663,3.1601075e+06
5664,2.2207388e+06
5665,7.5389304e+07
5666,8.986861e+06
5667,2.467905e+07
5668,627531.2
5669,564582.25
5670,2.9166307e+08
5671,1.1124737e+07
5672,3.6764638e+06
5673,4.5011e+07
5674,3.0350488e+06
5675,529688.94
5676,323968.3
5677,7.094134e+07
5678,7.867228e+07
5679,1.4324154e+06
5680,2.7241512e+07
5681,7.8707136e+08
5682,716545.0
5683,4.6471546e+08
5684,8.963517e+07
5685,3.4222198e+06
5686,875166.75
5687,9.049288e+07
5688,9.357806e+06
5689,2.6141054e+07
5690,9.227693e+06
5691,5.671655e+07
5692,4.011014e+08
5693,1.4844523e+07
5694,5.431051e+07
5695,3.2950735e+06
5696,2.7735126e+07
5697,14904.33
5698,6.321262e+06
5699,1.7477132e+06
5700,6.5199964e+07
5701,5.263766e+06
5702,2.796076e+07
5703,1.061575e+08
5704,1.0921578e+07
5705,4.6681455e+06
5706,186031.3
5707,4.8973644e+07
5708,2.1553325e+06
5709,3.4999148e+07
5710,264720.84
5711,4.580808e+06
5712,1.3566749e+08
5713,9.018542e+06
5714,9.871869e+06
5715,3.4107832e+06
5716,52299.258
5717,8.1417485e+06
5718,2.0077151e+06
5719,1.5798568e+07
5720,4.927959e+06
5721,4.3438588e+07
5722,1.0644561e+06
5723,1.0753629e+07
5724,880699.4
5725,353416.34
5726,6.896492e+07
5727,9.050876e+07
5728,6.3595855e+06
5729,1.961359e+08
5730,3.4004e+06
5731,55899.668
5732,4.8769515e+06
5733,1.81356e+06
5734,2.6963196e+07
5735,3.2463092e+06
5736,4.8647056e+07
5737,2.4122676e+07
5738,5.8743268e+07
5739,1.7793326e+07
5740,9.565607e+06
5741,6.956855e+07
5742,6.864012e+07
5743,1.2278383e+07
5744,42505.875
5745,1.1826822e+06
5746,1.7200646e+07
5747,2.4364215e+06
5748,1.1360356e+08
5749,8.329331e+07
5750,4.494434e+07
5751,2.3794392e+07
5752,1.525671e+06
5753,1.7924717e+08
5754,2.594257e+07
5755,7.373146e+07
5756,1.7742964e+07
5757,6.6450315e+06
5758,136830.9
5759,2.5271188e+07
5760,645220.5
5761,33157.89
5762,6.357613e+07
5763,5.8092564e+07
5764,2.142479e+06
5765,5.429083e+07
5766,2.2836626e+07
5767,6.855255e+06
5768,5.59431e+07
5769,3.2287978e+08
5770,7.0346145e+06
5771,2.5754484e+07
5772,1.9282486e+07
5773,2.8605018e+08
5774,4.591452e+07
5775,3.5886788e+07
5776,2.2543575e+06
5777,1.4878632e+08
5778,9.570558e+07
5779,1.6409726e+08
5780,3.9657728e+06
5781,7.214611e+07
5782,2.0094488e+07
5783,1.00198584e+08
5784,220479.19
5785,6.0366624e+07
5786,1.6427974e+07
5787,1.0305636e+08
5788,879092.44
5789,1.3082542e+07
5790,7.32332e+07
5791,1.455558e+08
5792,4.9060605e+06
5793,1.4212753e+07
5794,5.890944e+07
5795,9.944937e+07
5796,5.9182675e+06
5797,3.0137736e+07
5798,55550.723
5799,2.1031197e+08
5800,143562.5
5801,1.2465152e+07
5802,2.6202432e+06
5803,542506.7
5804,3.7064624e+08
5805,5.9701825e+06
5806,6.4476465e+06
5807,3.6106628e+07
5808,2.7646818e+07
5809,2.7550358e+06
5810,175082.62
5811,3.2487715e+06
5812,8.2863096e+07
5813,1.4369987e+08
5814,5.2782785e+06
5815,3.6346435e+06
5816,8.470908e+06
5817,384335.2
5818,781441.8
5819,1.1228297e+07
5820,4.4159955e+06
5821,356535.22
5822,6971.4297
5823,2.6210352e+07
5824,3.716619e+07
5825,9.029162e+06
5826,6.4669895e+06
5827,429302.0
5828,1.4849544e+08
5829,5.9600664e+07
5830,1.8036372e+07
5831,1.1914887e+08
5832,6.6881988e+07
5833,1.4444614e+07
5834,3.9127542e+06
5835,76855.39
5836,6.278441e+07
5837,2.2752454e+07
5838,237424.3
5839,5.5289444e+07
5840,1785.8153
5841,7.31881e+07
5842,2.454746e+07
5843,1.1428613e+07
5844,2.2088008e+06
5845,492690.9
5846,2.4494192e+06
5847,6.5541976e+07
5848,3.5105852e+07
5849,784797.4
5850,3.638961e+07
5851,8.08848e+06
5852,9.389756e+06
5853,2.9406206e+07
5854,2.9535998e+07
5855,1.05141496e+08
5856,6.7272285e+06
5857,6.777891e+08
5858,105199.71
5859,4.506409e+07
5860,1.16517176e+08
5861,422845.03
5862,9.342077e+06
5863,7.005858e+07
5864,4.641034e+08
5865,5.745237e+06
5866,805560.4
5867,2.818275e+06
5868,2.9783668e+07
5869,3.014208e+06
5870,303441.28
5871,3.335218e+07
5872,1.83528e+08
5873,1.9945604e+06
5874,1.8738518e+06
5875,4.4143436e+07
5876,1.0583867e+08
5877,2.4387345e+06
5878,9.2396744e+07
5879,1.4401586e+06
5880,5.857924e+07
5881,1.1640101e+08
5882,3.3465498e+08
5883,4.7417535e+06
5884,2.0938566e+07
5885,7.1047665e+06
5886,8.0318365e+06
5887,1.5838334e+07
5888,1.0998696e+07
5889,5.747352e+06
5890,4.3419784e+07
5891,4.9942132e+07
5892,1.4579356e+07
5893,605492.4
5894,7.9878424e+07
5895,1.0054427e+07
5896,6.272492e+07
5897,193496.4
5898,4.9730636e+07
5899,855441.56
5900,4.870621e+06
5901,45941.574
5902,1.884684e+07
5903,6.846687e+07
5904,3.8979264e+07
5905,5.5136216e+07
5906,7.6568184e+07
5907,425765.38
5908,6.6141884e+07
5909,8.0266065e+06
5910,3.0643625e+06
5911,1.7821515e+06
5912,1.7268208e+08
5913,5.293718e+07
5914,2.289236e+07
5915,1.8315198e+06
5916,3.126193e+07
5917,2.5146238e+08
5918,9.027824e+07
5919,6.79088e+07
5920,2.1908822e+06
5921,2.6444152e+07
5922,5.1646685e+06
5923,3.6406938e+06
5924,7.5756895e+06
5925,3.2541837e+08
5926,1.03509544e+06
5927,1.0196981e+06
5928,4.629185e+07
5929,131851.0
5930,5.3840296e+07
5931,3.80435e+07
5932,494118.53
5933,5.1133855e+06
5934,1.3427777e+07
5935,2.6704643e+08
5936,6.7626504e+07
5937,397448.53
5938,5.0847335e+06
5939,3.886264e+07
5940,1.3664942e+08
5941,1.5754588e+06
5942,8.462226e+07
5943,1.9475334e+06
5944,2.4850986e+07
5945,1.996096e+06
5946,197044.47
5947,83253.984
5948,1.1827849e+08
5949,692580.44
5950,1.5094902e+08
5951,2.583059e+07
5952,4.252694e+06
5953,1.15108104e+08
5954,5.300802e+06
5955,2.7568726e+07
5956,9.1630504e+07
5957,3.5550508e+07
5958,6.959417e+07
5959,2.422878e+06
5960,68404.875
5961,501484.03
5962,5.092464e+06
5963,1.0596182e+07
5964,5.4979536e+07
5965,4.333936e+07
5966,2.75456e+07
5967,1.3728032e+08
5968,5.4470896e+07
5969,5.6130464e+07
5970,1.2541705e+07
5971,3.8193862e+06
5972,1.0834437e+07
5973,6.684972e+07
5974,1.6856875e+06
5975,7.0205605e+06
5976,233944.28
5977,208599.38
5978,3.4044214e+08
5979,1.3263668e+06
5980,9.121671e+07
5981,1.0710618e+06
5982,1.2804477e+08
5983,1.0807456e+06
5984,3.176629e+07
5985,8.856065e+07
5986,384534.28
5987,5.0822805e+06
5988,2.5398614e+07
5989,21283.258
5990,1.1725444e+08
5991,1.1941541e+06
5992,3.0527034e+07
5993,3.708193e+07
5994,1.1889451e+06
5995,2.0605768e+07
5996,2.6571258e+07
5997,1.2860348e+07
5998,1.7815918e+08
5999,175875.53
6000,1.4000076e+06
6001,2.2174605e+06
6002,5.719821e+06
6003,1.2518793e+08
6004,4.9252044e+07
6005,4.469354e+06
6006,7.2782055e+06
6007,5.7126415e+06
6008,5.133193e+06
6009,8.0939864e+07
6010,1.0513327e+08
6011,1.7362356e+07
6012,1.3077877e+07
6013,1.6079938e+08
6014,3.6398502e+06
6015,8.644237e+06
6016,1.4124733e+07
6017,564719.0
6018,1.4556488e+07
6019,138548.05
6020,586265.9
6021,6.1726045e+06
6022,2.0924772e+06
6023,1.9797125e+06
6024,350887.8
6025,4.454265e+06
6026,1.2985495e+08
6027,5.7642425e+06
6028,7.07828e+07
6029,2.9130408e+06
6030,2.1620387e+08
6031,4.714513e+07
6032,6338.461
6033,5.4751716e+07
6034,2.81662e+06
6035,2.3999698e+08
6036,781694.5
6037,297149.38
6038,73833.01
6039,2.157675e+06
6040,2.785037e+07
6041,2.6056693e+08
6042,89357.24
6043,8.862891e+07
6044,7.4926085e+06
6045,2.741216e+07
6046,114781.91
6047,702044.06
6048,6.671981e+06
6049,2.336648e+06
6050,259071.64
6051,1.0774186e+06
6052,3.385008e+07
6053,74640.1
6054,2.8868068e+06
6055,4.5564175e+06
6056,2.76241e+07
6057,595285.9
6058,3.1339662e+07
6059,6.772138e+07
6060,2.676429e+07
6061,4.584731e+07
6062,1.7781858e+06
6063,7.407398e+07
6064,366152.6
6065,5.9797652e+07
6066,3.3047784e+07
6067,6.2923356e+07
6068,58578.434
6069,9.267579e+07
6070,7.8854056e+07
6071,6.737508e+06
6072,2.6635702e+07
6073,3.1593898e+07
6074,913717.56
6075,385546.66
6076,6.748759e+07
6077,2.3922655e+06
6078,9.458769e+07
6079,2.3564787e+08
6080,1.4303446e+06
6081,508009.8
6082,1.0255467e+06
6083,1.0993815e+08
6084,2.9904116e+07
6085,1.9249596e+07
6086,1.5893469e+06
6087,3.5043836e+07
6088,1.5728541e+06
6089,3.3479052e+06
6090,2.3415368e+08
6091,387432.34
6092,2.9831142e+06
6093,1.7718784e+07
6094,1.1599675e+08
6095,5.2404836e+07
6096,1.8360754e+06
6097,2.9120988e+07
6098,1.4657902e+07
6099,2.9919862e+07
6100,1.1726511e+07
6101,8.3329384e+07
6102,7.895308e+07
6103,4.2259572e+07
6104,200068.28
6105,3.2064788e+06
6106,100153.39
6107,96839.6
6108,4.960664e+06
6109,3.4031998e+06
6110,1.10106456e+08
6111,64743.324
6112,19168.055
6113,5.998164e+06
6114,7.685365e+07
6115,1.29880216e+08
6116,598801.8
6117,2.2149896e+07
6118,6.3497356e+07
6119,6.858477e+07
6120,5.7163784e+07
6121,476080.44
6122,1.0294752e+08
6123,370924.03
6124,1.4660192e+06
6125,4.43709e+06
6126,1.1868814e+07
6127,3.8734698e+06
6128,1.2906947e+08
6129,4.3461055e+06
6130,38070.645
6131,9.236198e+06
6132,124502.375
6133,4.5415675e+06
6134,3.3658544e+07
6135,4.2467796e+07
6136,7.5913126e+08
6137,6.3839324e+07
6138,7.2036405e+06
6139,9.189046e+08
6140,952227.75
6141,1.2228042e+07
6142,350442.72
6143,3.5940908e+06
6144,1.3069573e+07
6145,9.861781e+06
6146,3.4858252e+06
6147,5.6787344e+07
6148,6.718413e+06
6149,6.020737e+07
6150,9.012392e+07
6151,6.2879405e+06
6152,7.82597e+08
6153,6.271776e+06
6154,16379.345
6155,1.5647312e+08
6156,1.3733429e+06
6157,1.369865e+07
6158,1.27831256e+08
6159,1.1307063e+07
6160,2.108388e+07
6161,1.6951038e+07
6162,6.8701245e+06
6163,2.3191275e+06
6164,909088.3
6165,1.1021166e+07
6166,4.1034212e+07
6167,1.2307411e+07
6168,1.0138234e+07
6169,8.98236e+07
6170,9.847233e+06
6171,1.2471359e+07
6172,240900.92
6173,1.0654061e+07
6174,2.2196968e+07
6175,4.931565e+06
6176,1.36834e+07
6177,3.6626224e+07
6178,1.4386321e+06
6179,2.5975165e+08
6180,2.537184e+07
6181,2.5505172e+07
6182,4.8033395e+08
6183,7.056593e+06
6184,3.5711597e+08
6185,6.9381995e+06
6186,560143.75
6187,3.15089e+06
6188,4.627975e+07
6189,1.999596e+07
6190,8.6150184e+07
6191,1.7252955e+06
6192,2.2884982e+07
6193,9.815075e+06
6194,844153.25
6195,1.2157932e+06
6196,8.928634e+06
6197,2.1915908e+06
6198,1.10784136e+08
6199,7.408179e+08
6200,223265.86
6201,3.8691502e+06
6202,1.1857507e+08
6203,6.538955e+08
6204,1.3185964e+06
6205,3.115473e+06
6206,5.6703464e+07
6207,5.1306416e+07
6208,1.1180107e+07
6209,44300.566
6210,51332.55
6211,5.1266116e+07
6212,6.75256e+06
6213,1.4980653e+07
6214,1.1634744e+07
6215,9.63848e+06
6216,2.09068e+07
6217,46876.402
6218,6.854268e+06
6219,4.6048796e+07
6220,189746.4
6221,8.574399e+06
6222,650569.44
6223,1.834719e+07
6224,7.40697e+06
6225,6.025941e+07
6226,1.0002629e+07
6227,1.4818809e+07
6228,373770.84
6229,1.163484e+06
6230,43269.41
6231,1.1181628e+08
6232,927155.56
6233,1.4368453e+08
6234,3.7178322e+06
6235,2.7509634e+07
6236,5.376504e+06
6237,4.589877e+06
6238,3.4818915e+06
6239,2.1500227e+08
6240,1.4766366e+08
6241,547214.94
6242,1.5107551e+06
6243,4.810907e+06
6244,3.1898406e+07
6245,1.3018902e+06
6246,2.402043e+06
6247,2.2708722e+08
6248,215609.12
6249,1.0656256e+07
6250,2.3656192e+07
6251,6.2980028e+07
6252,3.3313818e+06
6253,4.9600065e+06
6254,1.5566315e+08
6255,3.0855498e+06
6256,2.7340652e+06
6257,1.2894226e+08
6258,100992.45
6259,1.0274478e+06
6260,1.3844706e+06
6261,5.9178932e+07
6262,1.0557046e+07
6263,1.4273334e+07
6264,5.637387e+06
6265,1.362402e+06
6266,3.0516385e+06
6267,1.31429e+08
6268,27718.457
6269,2.2168802e+08
6270,9.6260104e+07
6271,3.4281856e+08
6272,1.3188932e+06
6273,3.7260422e+06
6274,2.3405053e+08
6275,4.0653268e+07
6276,2.273298e+06
6277,2.78762e+07
6278,576960.4
6279,1.0256645e+07
6280,2.3280644e+07
6281,1.700069e+06
6282,5.1668326e+08
6283,2.9024392e+07
6284,9.93055e+07
6285,8.547584e+07
6286,1.0717341e+06
6287,5.065427e+06
6288,1.2092413e+08
6289,1.368479e+08
6290,7137.777
6291,2.9036794e+07
6292,1.3310005e+08
6293,3.4410125e+08
6294,1.3492856e+06
6295,1.6019966e+08
6296,2.0107408e+06
6297,4.8859908e+07
6298,940628.75
6299,130236.61
6300,2.65631e+07
6301,7.380169e+06
6302,3.3587942e+06
6303,1.7515392e+06
6304,7.7922245e+06
6305,1.2095481e+08
6306,4.224289e+07
6307,1.5419425e+06
6308,1.84323e+06
6309,115701.25
6310,6.442181e+07
6311,78696.445
6312,203934.53
6313,1.5635848e+07
6314,2.110432e+07
6315,2.9672195e+06
6316,4.011142e+07
6317,1.29676744e+08
6318,5.2074828e+07
6319,6.3460188e+07
6320,228062.95
6321,3.49202e+07
6322,3.7402148e+07
6323,4.7341035e+06
6324,48125.42
6325,4.7776708e+07
6326,828926.3
6327,2.020502e+07
6328,2.832734e+07
6329,480659.4
6330,622859.75
6331,1.470616e+08
6332,1.3184229e+06
6333,6.2443945e+06
6334,191185.75
6335,3.405881e+07
6336,3.69829e+07
6337,5.7360596e+07
6338,286551.4
6339,1.2998844e+07
6340,857176.94
6341,665910.9
6342,1.0008545e+07
6343,2.4452786e+07
6344,4.3789972e+07
6345,2.2807528e+06
6346,1.4431762e+08
6347,7.095745e+07
6348,3.3022076e+07
6349,2.482744e+07
6350,758563.2
6351,9.237842e+07
6352,4.748499e+07
6353,761034.06
6354,1.2982785e+06
6355,13926.376
6356,7.1234445e+06
6357,782787.4
6358,1.1390798e+06
6359,7.367532e+06
6360,8.987719e+06
6361,1.834447e+08
6362,750760.94
6363,9.654745e+06
6364,831656.5
6365,1.11542344e+08
6366,1.4203837e+07
6367,4.8067705e+06
6368,4.306973e+07
6369,947550.7
6370,1.33746184e+08
6371,2.9182295e+06
6372,1.741559e+07
6373,982903.6
6374,9.379625e+06
6375,1.2634913e+07
6376,3.2813102e+06
6377,3.2067142e+06
6378,2.9875585e+06
6379,9.278368e+07
6380,3.4487185e+06
6381,5.7681645e+08
6382,7.523158e+07
6383,2.7624836e+07
6384,5.089239e+07
6385,6.0064295e+06
6386,3.537298e+08
6387,3.6028142e+06
6388,2.9445272e+06
6389,554515.06
6390,2.1556552e+07
6391,2.2423458e+06
6392,6.1130265e+06
6393,2.4761482e+08
6394,1.33272536e+08
6395,292641.25
6396,140777.53
6397,2.1509915e+06
6398,5.346546e+06
6399,403845.7
6400,6.5951685e+06
6401,418028.34
6402,2.1140376e+07
6403,409389.72
6404,9.466705e+06
6405,983483.06
6406,7.0474735e+06
6407,9.799306e+06
6408,8.804412e+06
6409,9.492512e+07
6410,4.5235425e+06
6411,1.0544705e+06
6412,1.1863865e+06
6413,2.4823984e+07
6414,5.015532e+08
6415,907989.7
6416,885642.56
6417,1.04368056e+08
6418,2.4843972e+07
6419,1.4752789e+07
6420,2.4520974e+07
6421,1.9963644e+07
6422,77915.38
6423,1.5227929e+06
6424,6.888197e+07
6425,1.0827743e+07
6426,3.7033272e+06
6427,1.0808096e+06
6428,1.1530246e+06
6429,1.4128452e+07
6430,9.459653e+07
6431,1.1053571e+08
6432,6.890207e+07
6433,1.5083612e+07
6434,1.8916381e+06
6435,2.6801326e+07
6436,2.9466786e+07
6437,4.8106775e+06
6438,8.809284e+06
6439,1.2504968e+07
6440,4.7570296e+07
6441,4.0717455e+06
6442,3.144358e+06
6443,1.5688813e+07
6444,76300.13
6445,4.9255923e+08
6446,3.1351814e+08
6447,1.162993e+07
6448,411832.84
6449,2.8221046e+07
6450,1.3873784e+06
6451,2.792303e+06
6452,1.6119295e+07
6453,7.076418e+07
6454,6.370275e+06
6455,6.767633e+06
6456,3.4184028e+07
6457,7.794206e+07
6458,618392.9
6459,1.2832216e+06
6460,5.5623372e+07
6461,1.4666747e+08
6462,1.0256064e+08
6463,88138.06
6464,1.1957819e+07
6465,1.2971721e+06
6466,1.786951e+07
6467,8.0934185e+06
6468,169810.17
6469,1.0337069e+07
6470,624448.3
6471,2.6893298e+06
6472,6.023254e+06
6473,4.998479e+06
6474,8.071643e+06
6475,679789.3
6476,4.466986e+08
6477,1.6253717e+07
6478,1.5323103e+07
6479,2.0805176e+08
6480,4.6364836e+07
6481,3.4381108e+07
6482,104876.35
6483,1.0538331e+06
6484,5.3124708e+07
6485,7.935391e+07
6486,209857.25
6487,5.8607964e+07
6488,3.105393e+07
6489,2.1207922e+06
6490,300380.66
6491,3.3224852e+06
6492,7.2034345e+06
6493,3.928533e+06
6494,1.02888824e+08
6495,9.664694e+06
6496,2.960279e+08
6497,7.990067e+07
6498,4.2864764e+07
6499,1.4080539e+07
6500,3.155196e+06
6501,1.1900398e+06
6502,1.04936936e+08
6503,5.192597e+06
6504,5.554594e+06
6505,8.282978e+06
6506,2453.768
6507,4.494911e+06
6508,6.033693e+07
6509,764613.25
6510,644878.44
6511,2.5211878e+06
6512,1.0794169e+06
6513,9.878631e+06
6514,3.6987388e+06
6515,5.7641692e+07
6516,4.7487076e+07
6517,714938.25
6518,1.8485024e+07
6519,8.041361e+07
6520,1.5095582e+06
6521,1.533235e+08
6522,5.4047308e+07
6523,2.067056e+07
6524,8.418617e+06
6525,3.9484576e+07
6526,3.5836874e+08
6527,289763.34
6528,3.6780522e+06
6529,1.2185512e+06
6530,5.224864e+07
6531,519470.03
6532,1.3414926e+07
6533,918872.4
6534,1.7697178e+08
6535,5.7749115e+06
6536,1.883261e+07
6537,4.082188e+07
6538,2.7926596e+07
6539,1.9621448e+08
6540,1.2249105e+08
6541,4.740843e+07
6542,1.3667463e+07
6543,79615.91
6544,6.348472e+06
6545,6.1333245e+06
6546,4.849191e+08
6547,92112.57
6548,4.9266516e+07
6549,1.5019744e+08
6550,2.1468334e+07
6551,4.7827856e+07
6552,3.959292e+06
6553,278.1786
6554,2.5651582e+07
6555,8.628547e+06
6556,2.386589e+07
6557,5.5423975e+06
6558,7.730012e+07
6559,2.8143266e+07
6560,2.2130357e+08
6561,34852.906
6562,8.3758504e+07
6563,1.1311636e+07
6564,9.818164e+06
6565,1.2420677e+07
6566,3.1809156e+07
6567,7.556352e+06
6568,2.5737444e+07
6569,833932.75
6570,5.3522176e+07
6571,2.0560698e+06
6572,99274.43
6573,1.0821838e+07
6574,2.3367392e+07
6575,547794.56
6576,5.6210455e+06
6577,3.228895e+06
6578,4.0486744e+07
6579,1.0260558e+07
6580,110731.63
6581,2.2216156e+07
6582,315.35486
6583,126101.72
6584,666518.3
6585,6.2215904e+07
6586,9.533191e+07
6587,1.9163106e+07
6588,1.7598794e+06
6589,3.459311e+07
6590,1.2143957e+08
6591,6.06461e+06
6592,1.1552094e+08
6593,8.730279e+07
6594,4.0136444e+07
6595,24340.604
6596,1.0230606e+08
6597,230153.72
6598,1.5821939e+07
6599,7.3321695e+06
6600,1.0243747e+06
6601,1.2346295e+06
6602,7.247136e+08
6603,2.1326674e+07
6604,5.222828e+06
6605,6.0423876e+07
6606,918656.0
6607,6.145495e+07
6608,413633.62
6609,1.7146369e+06
6610,3.0826498e+06
6611,5.289904e+06
6612,5.537042e+08
6613,4.268299e+07
6614,1.5114984e+08
6615,625419.2
6616,1.1856195e+08
6617,3.0780136e+07
6618,3.6259356e+07
6619,1.2196736e+07
6620,388819.28
6621,2.6388376e+07
6622,7.704356e+07
6623,1.6299206e+08
6624,8.988787e+07
6625,7.541217e+07
6626,1.4095291e+07
6627,9.448149e+07
6628,33263.68
6629,433292.16
6630,360020.34
6631,752551.56
6632,2.0589306e+06
6633,4.678722e+06
6634,3.8308955e+06
6635,102026.93
6636,1.456794e+08
6637,5.260001e+07
6638,259.12778
6639,8.753117e+06
6640,4.841085e+06
6641,9.7979656e+07
6642,1.6259277e+08
6643,1.3587002e+06
6644,186250.36
6645,3.1730138e+07
6646,1.1162251e+07
6647,197332.38
6648,3.227466e+07
6649,2.0541941e+06
6650,1.841877e+06
6651,1.815964e+07
6652,687360.5
6653,6.6865024e+07
6654,5.8616348e+07
6655,9.568107e+06
6656,1.4681545e+07
6657,8.744511e+07
6658,4.703417e+06
6659,4.8103565e+06
6660,147010.61
6661,231565.86
6662,3.9745078e+06
6663,5.085438e+08
6664,4.657549e+06
6665,205209.3
6666,2.0235758e+07
6667,2.5157032e+08
6668,2.4891546e+07
6669,1.95058e+07
6670,814672.94
6671,2.0266696e+07
6672,3.7241205e+06
6673,9.0005384e+07
6674,5.76503e+08
6675,5.864822e+07
6676,4.9091305e+06
6677,118863.734
6678,6.2137945e+06
6679,6.30547e+08
6680,8.0383345e+06
6681,6.700882e+08
6682,4.036838e+07
6683,1.3182686e+07
6684,114978.234
6685,1.0629335e+06
6686,5.5941195e+06
6687,7.8621576e+07
6688,9.232376e+06
6689,3.3089728e+07
6690,5.0775485e+08
6691,279022.16
6692,2.055773e+08
6693,3.8593468e+07
6694,7.457127e+07
6695,1.0946792e+07
6696,1.736813e+08
6697,5.215899e+06
6698,6.9573485e+06
6699,1.7781461e+08
6700,2.1026624e+08
6701,3.228833e+07
6702,1.2969819e+07
6703,4.2232265e+06
6704,4.2527305e+06
6705,1.3074934e+07
6706,3.2714516e+07
6707,3.15633e+07
6708,2.7303965e+06
6709,4.1977405e+06
6710,4.387349e+07
6711,2.2310254e+07
6712,1.5877723e+08
6713,608553.6
6714,635125.2
6715,4.0863722e+06
6716,2.6056678e+07
6717,3.5793222e+08
6718,9.127235e+06
6719,8.876048e+06
6720,391917.4
6721,6.4157188e+07
6722,6.923519e+06
6723,9.083215e+07
6724,6.93679e+06
6725,3.5928502e+06
6726,7.0949464e+07
6727,6.360065e+06
6728,5.8493845e+06
6729,7.088686e+06
6730,1.9366006e+07
6731,433563.3
6732,637184.9
6733,4.281746e+06
6734,8.410456e+06
6735,5.3417436e+07
6736,1.1938069e+06
6737,478789.6
6738,5.694572e+06
6739,1.8810065e+06
6740,211754.86
6741,208923.89
6742,3.0139748e+07
6743,9.221857e+07
6744,8.379584e+06
6745,1.7334164e+06
6746,5.076316e+07
6747,8.082034e+06
6748,215962.27
6749,5505.4956
6750,2.189936e+06
6751,4.1306432e+06
6752,8.474049e+07
6753,2.2057778e+06
6754,1.2045499e+08
6755,1.1593471e+06
6756,1.6821765e+08
6757,2.6075172e+07
6758,5.3426825e+06
6759,1.3863147e+08
6760,1.2160197e+07
6761,2.568644e+07
6762,741621.6
6763,1.9306958e+07
6764,1.7604282e+06
6765,1.0596774e+08
6766,44809.145
6767,1.4889951e+07
6768,9.735003e+07
6769,1.1543651e+07
6770,9.063066e+06
6771,6.8810485e+06
6772,1.5175071e+06
6773,1.1560132e+07
6774,1.9167576e+08
6775,5.379331e+08
6776,1.8486662e+06
6777,2.045329e+07
6778,7.756419e+07
6779,6.790325e+06
6780,7.330895e+07
6781,460356.97
6782,1.2744028e+08
6783,1.2930027e+07
6784,408897.28
6785,5.5427868e+07
6786,691687.4
6787,6.412442e+06
6788,1.7586881e+06
6789,850598.0
6790,3.8436122e+06
6791,4.3398256e+07
6792,2.6495664e+08
6793,6.597519e+07
6794,4.3446055e+06
6795,6.2925055e+06
6796,8.259457e+08
6797,4.075164e+06
6798,2.1308296e+07
6799,1.1109689e+06
6800,5.1985612e+07
6801,4.3027936e+07
6802,2.0663348e+06
6803,1.4753078e+08
6804,39049.94
6805,1.9750942e+07
6806,6.107735e+06
6807,4.173936e+07
6808,4.336244e+06
6809,8.050571e+06
6810,6.986397e+06
6811,7.658484e+07
6812,2.5937502e+06
6813,1.22596696e+08
6814,276884.06
6815,764267.7
6816,2.7447712e+06
6817,60927.19
6818,12377.42
6819,3.0468864e+07
6820,2.7549172e+07
6821,1.9771822e+07
6822,1.809464e+07
6823,1.996433e+07
6824,2.2982278e+08
6825,4.0001476e+07
6826,4.8056565e+06
6827,599095.44
6828,86784.414
6829,909665.94
6830,1.201866e+06
6831,7.6505704e+07
6832,7.068353e+06
6833,3.4377342e+06
6834,2.1827718e+06
6835,9.052188e+07
6836,550626.0
6837,1.1165388e+08
6838,1.566498e+06
6839,5.6637545e+06
6840,2.2319022e+07
6841,8.800198e+06
6842,1.1262258e+06
6843,3.1021435e+06
6844,2.4528786e+07
6845,1.7943452e+07
6846,3.945883e+07
6847,552403.25
6848,4.5812885e+06
6849,4.460663e+06
6850,6.921094e+07
6851,1.24682984e+08
6852,6.8049695e+06
6853,7.7473285e+06
6854,4.336368e+06
6855,1.4852963e+07
6856,10757.814
6857,1.211235e+07
6858,1.3579204e+06
6859,3.550985e+07
6860,9.96867e+06
6861,1.6528391e+07
6862,1.3328593e+07
6863,4.024716e+08
6864,1.9319704e+06
6865,3.0514378e+06
6866,8.724819e+07
6867,3.4482836e+07
6868,9.244245e+08
6869,3.2744606e+07
6870,371791.0
6871,4.06249e+07
6872,70703.57
6873,1.8513428e+07
6874,5.2968084e+07
6875,4.231596e+06
6876,1.3559808e+07
6877,1.2864666e+07
6878,1.8454075e+06
6879,461857.8
6880,108678.04
6881,1.0274919e+06
6882,1.017334e+08
6883,6.572299e+07
6884,1.0534076e+07
6885,5.4514355e+06
6886,563841.3
6887,1.1357468e+07
6888,9.833219e+07
6889,2.0787989e+06
6890,1.731632e+07
6891,2.515059e+07
6892,1.13434024e+08
6893,2.0002037e+08
6894,1.0237413e+07
6895,697190.8
6896,455093.0
6897,607808.9
6898,7.036896e+06
6899,5.1729895e+06
6900,5.335064e+07
6901,4.140735e+07
6902,1.5616458e+06
6903,9.142288e+06
6904,1.0304063e+08
6905,2.2436184e+07
6906,1.29467416e+08
6907,1.090917e+07
6908,5.6420715e+06
6909,317456.84
6910,3.5427388e+06
6911,9.243018e+06
6912,3.7352535e+06
6913,2.5079754e+08
6914,2.047809e+08
6915,1.6463262e+07
6916,1.7748618e+07
6917,8.323237e+08
6918,4.365937e+07
6919,749980.2
6920,8.287526e+07
6921,1.9489336e+08
6922,1.5226958e+07
6923,8.504752e+06
6924,214640.38
6925,6.0166055e+06
6926,7.4250755e+06
6927,142917.31
6928,3.4291844e+07
6929,5.011819e+07
6930,1.491981e+08
6931,2.5799818e+06
6932,3.4643432e+06
6933,1.678027e+06
6934,8.3791576e+07
6935,483717.4
6936,1.1181728e+07
6937,1.2993448e+08
6938,1.3085896e+06
6939,1.1545695e+06
6940,4.4676228e+07
6941,6.0317596e+07
6942,1.75922e+07
6943,2.6478702e+06
6944,7.7057816e+07
6945,1.5656708e+07
6946,6.5116324e+07
6947,2.6753165e+06
6948,1.5493085e+07
6949,7.898562e+07
6950,2.990265e+08
6951,117441.164
6952,1.6497305e+07
6953,1.9683362e+07
6954,3.599926e+06
6955,6.6553416e+07
6956,1.0656425e+06
6957,1.1479501e+06
6958,229357.69
6959,2.5050412e+06
6960,4.213466e+07
6961,3.0653035e+06
6962,1.357221e+08
6963,9.477671e+06
6964,2.3014726e+07
6965,239484.83
6966,4.8785692e+07
6967,1.585043e+08
6968,584545.8
6969,71859.14
6970,5.4951715e+06
6971,9.8512216e+07
6972,387436.78
6973,3.549028e+07
6974,7.552344e+07
6975,1.6015589e+07
6976,9.365074e+06
6977,2.8342502e+06
6978,704715.2
6979,6.8942824e+07
6980,1.2445838e+07
6981,989156.94
6982,2.3874768e+07
6983,3.6294755e+06
6984,6.115386e+07
6985,1.785562e+08
6986,2.2079666e+07
6987,3.2405405e+06
6988,3.2827212e+07
6989,1.3511978e+06
6990,1.4932507e+08
6991,2.5601338e+06
6992,885620.6
6993,351407.9
6994,13134.1045
6995,3.5119984e+07
6996,8.298061e+07
6997,28002.283
6998,9.339708e+06
6999,9.330081e+07
7000,1.2209056e+06
7001,3.8462265e+06
7002,774507.0
7003,3.1611112e+06
7004,2.9591995e+06
7005,171382.92
7006,144604.06
7007,798992.7
7008,2.2133722e+07
7009,1.1154334e+07
7010,6.7437625e+06
7011,986415.6
7012,1.5798566e+06
7013,1.7622105e+06
7014,137912.9
7015,1.843166e+08
7016,1.5483256e+08
7017,1.4376037e+07
7018,6.986644e+06
7019,9.153688e+07
7020,3.9798964e+07
7021,1.3250721e+06
7022,2.685905e+07
7023,6.756951e+07
7024,8.988079e+06
7025,2.992115e+06
7026,9.11967e+07
7027,4.6479588e+07
7028,1.7502686e+06
7029,2.8239354e+07
7030,3.777243e+07
7031,5.413583e+07
7032,1.3603769e+07
7033,2.8396668e+06
7034,7.4493325e+06
7035,9.9739e+06
7036,2.6746635e+06
7037,1.314001e+07
7038,9.924409e+06
7039,5.5775188e+07
7040,6.1387845e+06
7041,4.769831e+07
7042,7.6030456e+07
7043,302177.0
7044,1.7387808e+07
7045,1.0878356e+07
7046,1.0416798e+08
7047,2.1262554e+08
7048,8.902939e+06
7049,1.3643683e+07
7050,59304.4
7051,1.0760482e+07
7052,6.732624e+07
7053,2.2859638e+06
7054,4.762068e+07
7055,8.365473e+07
7056,3.6225434e+08
7057,7.512987e+06
7058,3.3425232e+06
7059,7.781249e+06
7060,7.9388685e+06
7061,1.5518016e+07
7062,4.7912772e+07
7063,134963.11
7064,1.4133042e+08
7065,2.53991e+07
7066,4.6388995e+06
7067,91948.88
7068,9.1031784e+07
7069,659718.8
7070,1.7644363e+08
7071,3.1794432e+08
7072,170628.0
7073,1.5798387e+07
7074,1.735863e+06
7075,2.8267968e+07
7076,4.968513e+07
7077,9.067129e+06
7078,6.0019556e+07
7079,330.73788
7080,2.3920395e+06
7081,3.1461428e+06
7082,1.2961e+06
7083,38106.93
7084,1.4782195e+07
7085,2.9561335e+06
7086,868829.94
7087,9.45922e+07
7088,4.362749e+07
7089,890570.2
7090,477735.06
7091,8.1238165e+06
7092,1.26540936e+08
7093,2.1847418e+07
7094,5.3984052e+07
7095,1.80357e+06
7096,1.1682643e+07
7097,1.896889e+08
7098,2.2890484e+07
7099,7.286398e+07
7100,3.1979708e+06
7101,1.3026046e+07
7102,2.0538514e+06
7103,5.649254e+06
7104,4.470748e+06
7105,3.6702656e+07
7106,1.7345078e+07
7107,4.3284176e+07
7108,247193.47
7109,3.243239e+07
7110,761902.56
7111,3.929406e+06
7112,1.0578579e+08
7113,8.673615e+07
7114,4.0962008e+06
7115,1.5975957e+07
7116,9.048074e+06
7117,80761.33
7118,1.611201e+07
7119,2.2276748e+07
7120,363781.62
7121,3.0296755e+06
7122,713914.9
7123,778831.1
7124,1.6631082e+08
7125,1.0017884e+07
7126,2.222723e+08
7127,6.727502e+07
7128,3.1796482e+06
7129,9.898548e+06
7130,5.7089545e+06
7131,1.1204336e+07
7132,2.3615664e+07
7133,9.4001016e+07
7134,2.7373808e+07
7135,7.252456e+07
7136,2.405477e+07
7137,2.1774824e+07
7138,1.0920537e+07
7139,373140.1
7140,1.32490136e+08
7141,62446.402
7142,9.579995e+06
7143,3.2860164e+07
7144,1.3541984e+06
7145,1.6865736e+07
7146,920777.7
7147,3.4951184e+07
7148,2.656589e+06
7149,8.900528e+06
7150,964.44775
7151,1.1872663e+07
7152,4.2074748e+07
7153,809654.7
7154,4.0972116e+07
7155,1.2046717e+08
7156,8.2328595e+06
7157,1.2005864e+08
7158,562203.06
7159,1.069651e+06
7160,260501.92
7161,5.4786816e+07
7162,3.2543635e+08
7163,5.6939745e+06
7164,458289.8
7165,4.844252e+07
7166,4.6974015e+06
7167,200204.56
7168,212887.78
7169,5.4241735e+06
7170,8.694273e+06
7171,8.927102e+06
7172,4.515543e+06
7173,9.442991e+06
7174,2.9456985e+06
7175,842212.9
7176,1.4638847e+07
7177,9.425344e+07
7178,2.1827758e+07
7179,7.6658936e+07
7180,439281.5
7181,4.8803155e+06
7182,4.974202e+07
7183,526589.3
7184,8.063681e+08
7185,1.5462294e+07
7186,1.7778636e+07
7187,4.47628e+07
7188,3.7154144e+07
7189,9.251149e+06
7190,1.6067571e+06
7191,238336.5
7192,1.9068892e+07
7193,1.7734202e+07
7194,3.3002448e+08
7195,1.6984762e+07
7196,6.9881765e+06
7197,6.9333245e+06
7198,1.0830614e+07
7199,2.754224e+06
7200,3.276191e+07
7201,409047.47
7202,3.673291e+07
7203,76191.21
7204,7.611738e+07
7205,1.3910453e+08
7206,1.06756904e+08
7207,5.725744e+08
7208,1.2536133e+07
7209,1.0089006e+07
7210,470212.75
7211,473937.28
7212,2.0046902e+07
7213,1.9376314e+07
7214,1.2285137e+08
7215,1.01065384e+08
7216,9.256644e+07
7217,371401.2
7218,1.4462533e+07
7219,7.4202265e+06
7220,3.749565e+07
7221,5.0736265e+06
7222,1.3201532e+07
7223,6.5398705e+06
7224,3.905898e+06
7225,107.91523
7226,3.0418114e+07
7227,4.80969e+07
7228,1.4515316e+07
7229,7.5027695e+06
7230,1.1899286e+06
7231,4.881158e+06
7232,2.0709642e+08
7233,1.822902e+08
7234,2.5008341e+08
7235,1.8263046e+07
7236,9.127014e+07
7237,8.07289e+06
7238,3.3612328e+06
7239,6.6662074e+08
7240,1.4033806e+07
7241,2.316876e+08
7242,4.1007064e+07
7243,6.521292e+06
7244,3.031623e+07
7245,1.3824955e+06
7246,400745.72
7247,1.1453585e+08
7248,6.1042804e+07
7249,1.8011104e+06
7250,363635.6
7251,2.9078694e+07
7252,1.0781457e+07
7253,3.771467e+06
7254,2.7250088e+07
7255,59790.348
7256,7.284448e+06
7257,9.703094e+06
7258,3.407304e+07
7259,2.8746062e+06
7260,147393.14
7261,3.1105818e+08
7262,100620.305
7263,4.4418096e+07
7264,7.0057395e+06
7265,1.9957591e+06
7266,1.9906724e+07
7267,291453.1
7268,1.0670591e+06
7269,1.0116972e+08
7270,2.13694e+08
7271,2.4820552e+06
7272,3.745509e+06
7273,1.312653e+06
7274,819117.44
7275,1.2189503e+07
7276,2.297841e+06
7277,2.4345808e+08
7278,1.4055806e+08
7279,2.1617626e+08
7280,6.1095104e+07
7281,5.3524624e+07
7282,2.5893432e+07
7283,1.9647926e+08
7284,133719.22
7285,4.765766e+07
7286,1.7465098e+08
7287,2.4119505e+06
7288,1.4336905e+06
7289,9.8688056e+07
7290,6.746207e+06
7291,2.4637004e+07
7292,1.6934249e+06
7293,1.205595e+07
7294,7.215735e+06
7295,5.7232404e+07
7296,76088.39
7297,3.652242e+07
7298,4.7428025e+06
7299,5.106743e+06
7300,1.1836165e+06
7301,2.0498204e+07
7302,1.0423476e+06
7303,375845.47
7304,1.0161116e+07
7305,4.476038e+06
7306,6.882645e+08
7307,1.7764246e+06
7308,1.2737845e+06
7309,1.1454932e+07
7310,4.9135895e+06
7311,3.0931008e+06
7312,8.594814e+07
7313,1.4545811e+08
7314,3.9987792e+06
7315,5.3980515e+06
7316,1.1281058e+06
7317,6.8663385e+06
7318,8.988667e+07
7319,872716.4
7320,8.6769576e+07
7321,79971.51
7322,1.6461204e+06
7323,4.850243e+07
7324,3.6824888e+06
7325,2.0923408e+08
7326,3.2756928e+08
7327,1.6145248e+06
7328,3.186563e+07
7329,1.3588866e+08
7330,3.5080237e+08
7331,8.520856e+07
7332,3.6790056e+07
7333,6.681301e+07
7334,6.9924365e+06
7335,7.790194e+07
7336,7.9822935e+06
7337,7.421996e+06
7338,4.0742304e+07
7339,3.2868438e+07
7340,1.3412019e+06
7341,80536.586
7342,6.5016296e+07
7343,2.9276735e+06
7344,3.4094108e+06
7345,6.212515e+06
7346,7.3023865e+06
7347,9.512443e+06
7348,337637.66
7349,4.255188e+07
7350,8.2386245e+06
7351,1.9314288e+07
7352,117263.664
7353,8.288312e+06
7354,6868.6763
7355,2.487337e+07
7356,3.8339536e+07
7357,4.8128025e+06
7358,6.372748e+06
7359,9.0114984e+07
7360,3.251576e+07
7361,50409.477
7362,1.166753e+08
7363,5.2625827e+08
7364,327016.56
7365,7.223906e+07
7366,1.4989313e+07
7367,690526.75
7368,2.0929422e+07
7369,9.400347e+06
7370,4.5511096e+07
7371,228738.62
7372,9.214595e+07
7373,1.9113144e+08
7374,1.1793106e+07
7375,4.738312e+07
7376,108851.78
7377,1.6766211e+07
7378,3.971358e+07
7379,4.410935e+07
7380,1.9643455e+06
7381,434720.53
7382,5.843976e+06
7383,207509.88
7384,9.321039e+06
7385,1.1203353e+07
7386,6.6464492e+07
7387,5.060029e+06
7388,634957.4
7389,141148.44
7390,78116.266
7391,5.8045785e+06
7392,8.929724e+06
7393,8.190634e+08
7394,5.27315e+07
7395,6.0751148e+07
7396,4.506718e+07
7397,5.4206155e+06
7398,582386.8
